Loading weights:   0%|          | 0/311 [00:00<?, ?it/s]Loading weights: 100%|██████████| 311/311 [00:00<00:00, 13971.88it/s]
{"event": "config", "model": "/root/x/models/Qwen3-1.7B", "out": "runs/qwen1p7b_k8_single_qread_10k", "dataset": "synthetic", "squad_root": "/root/x/data/squad", "facts": 8, "entities": 4, "eval_facts": "4,16", "layers": "auto", "mem_dim": 128, "n_states": 1, "slots_per_state": 1, "routing": "single", "route_temperature": 0.1, "decay_bias": 4.0, "beta_bias": 0.0, "slot_bias": -6.0, "chunk_size": 0, "read_mode": "query", "memory": "delta", "steps": 10000, "batch_size": 16, "lr": 0.001, "warmup": 200, "weight_decay": 0.01, "grad_clip": 1.0, "eval_every": 1000, "eval_rows": 256, "eval_batch_size": 32, "train_pool": 50000, "max_passage_tokens": 512, "max_new_tokens": 12, "seed": 1, "dtype": "bfloat16", "equivalence_check": false, "skip_initial_eval": false, "save_adapter": true, "layer_ids": [4, 8, 12, 15, 19, 23], "adapter_params": 55456896, "model_type": "qwen3", "time": 1788464914.762228}
{"event": "data", "train_rows": 50000, "eval": {"synthetic_k8": 256, "synthetic_k4": 256, "synthetic_k16": 256}, "example": {"passage": "Here are some facts to remember.\nTessa Moreva's pet is ferret.\nInes Liseva's instrument is flute.\nXiomara Mana's lucky number is 45.\nInes Liseva's sport is tennis.\nTessa Moreva's birth month is September.\nXiomara Mana's pet is gecko.\nTessa Dasose's favorite color is pink.\nTessa Dasose's instrument is banjo.", "question": "What is Tessa Dasose's instrument?", "answer": "banjo", "aliases": []}, "time": 1788464917.1494257}
{"memory_correct": {"ce": 4.835727952158777, "em": 0.03125, "f1": 0.034505208333333336, "n": 256}, "memory_zero": {"ce": 4.802775196352741, "em": 0.03125, "f1": 0.035416666666666666, "n": 256}, "memory_donor": {"ce": 4.820646314357873, "em": 0.03125, "f1": 0.033203125, "n": 256}, "base_in_context": {"ce": 0.0010107289876026826, "em": 1.0, "f1": 1.0, "n": 256}, "mem_mass": {"4": 0.0824944949708879, "8": 0.09612515475600958, "12": 0.0990537665784359, "15": 0.09702065028250217, "19": 0.08000998804345727, "23": 0.07676328392699361}, "samples": [{"question": "What is Hamza Totisa's birth month?", "gold": "October", "pred": "June"}, {"question": "What is Sana Dari's sport?", "gold": "tennis", "pred": "Athletics"}, {"question": "What is Gwen Nusike's pet?", "gold": "hamster", "pred": "1"}, {"question": "What is Gwen Namuru's lucky number?", "gold": "46", "pred": "12"}, {"question": "What is Aiko Bome's hometown?", "gold": "Lima", "pred": "Tampa"}, {"question": "What is Ximena Kidi's door code?", "gold": "1296", "pred": "1234"}, {"question": "What is Jana Revu's job?", "gold": "welder", "pred": "12"}, {"question": "What is Rafael Tusi's door code?", "gold": "7031", "pred": "1234"}], "event": "eval", "step": 0, "set": "synthetic_k8", "time": 1788464948.1841042}
{"memory_correct": {"ce": 4.683640123854275, "em": 0.03515625, "f1": 0.037109375, "n": 256}, "memory_zero": {"ce": 4.659122891731386, "em": 0.03125, "f1": 0.033203125, "n": 256}, "memory_donor": {"ce": 4.673198648335529, "em": 0.03125, "f1": 0.033203125, "n": 256}, "base_in_context": {"ce": 0.003060471701203049, "em": 1.0, "f1": 1.0, "n": 256}, "mem_mass": {"4": 0.08081993693485856, "8": 0.09449616447091103, "12": 0.09743906371295452, "15": 0.09539818111807108, "19": 0.07832761574536562, "23": 0.07507024984806776}, "samples": [{"question": "What is Dev Kori's favorite fruit?", "gold": "apple", "pred": "Apple"}, {"question": "What is Noor Lulidi's hometown?", "gold": "Oslo", "pred": "Bogor"}, {"question": "What is Bram Ladusa's instrument?", "gold": "piano", "pred": "violin"}, {"question": "What is Hamza Modavi's favorite fruit?", "gold": "grape", "pred": "Apple"}, {"question": "What is Aiko Merosu's sport?", "gold": "fencing", "pred": "Golf"}, {"question": "What is Dani Turi's lucky number?", "gold": "21", "pred": "12"}, {"question": "What is Wanda Mona's sport?", "gold": "rugby", "pred": "100"}, {"question": "What is Eyal Voremu's instrument?", "gold": "cello", "pred": "violin"}], "event": "eval", "step": 0, "set": "synthetic_k4", "time": 1788464974.2253962}
{"memory_correct": {"ce": 4.737032743869349, "em": 0.03125, "f1": 0.03515625, "n": 256}, "memory_zero": {"ce": 4.723327737185173, "em": 0.03125, "f1": 0.03515625, "n": 256}, "memory_donor": {"ce": 4.721456286344619, "em": 0.03125, "f1": 0.037109375, "n": 256}, "base_in_context": {"ce": 0.0035145777096130537, "em": 1.0, "f1": 1.0, "n": 256}, "mem_mass": {"4": 0.08336719125509262, "8": 0.09695718064904213, "12": 0.0998687706887722, "15": 0.09785565920174122, "19": 0.08089072816073895, "23": 0.07765446789562702}, "samples": [{"question": "What is Dani Mani's car?", "gold": "Peugeot", "pred": "2018 Chevrolet Camaro"}, {"question": "What is Viktor Desi's favorite color?", "gold": "red", "pred": "blue"}, {"question": "What is Jana Meki's door code?", "gold": "8363", "pred": "1234"}, {"question": "What is Ximena Mamune's sport?", "gold": "golf", "pred": "Athletics"}, {"question": "What is Viktor Lasomo's favorite color?", "gold": "orange", "pred": "Blue"}, {"question": "What is Eyal Delune's birth month?", "gold": "February", "pred": "June"}, {"question": "What is Amara Kali's favorite color?", "gold": "brown", "pred": "1"}, {"question": "What is Viktor Revosi's birth month?", "gold": "April", "pred": "June"}], "event": "eval", "step": 0, "set": "synthetic_k16", "time": 1788465008.170236}
{"event": "train", "step": 1, "loss": 6.798586845397949, "lr": 5e-06, "grad_norm": 7.566257953643799, "mem_mass_mean": 0.07302241710325082, "elapsed": 0.7758231163024902, "time": 1788465008.9471743}
{"event": "train", "step": 10, "loss": 5.037198543548584, "lr": 5e-05, "grad_norm": 6.45428466796875, "mem_mass_mean": 0.10454558084408443, "elapsed": 7.79950475692749, "time": 1788465015.9708571}
{"event": "train", "step": 20, "loss": 5.087638854980469, "lr": 0.0001, "grad_norm": 28.57425308227539, "mem_mass_mean": 0.09295604129632314, "elapsed": 15.557632684707642, "time": 1788465023.7289844}
{"event": "train", "step": 30, "loss": 4.511701583862305, "lr": 0.00015, "grad_norm": 31.647727966308594, "mem_mass_mean": 0.08954355989893277, "elapsed": 23.503254175186157, "time": 1788465031.6746087}
{"event": "train", "step": 40, "loss": 4.294575214385986, "lr": 0.0002, "grad_norm": 27.37337303161621, "mem_mass_mean": 0.0979219488799572, "elapsed": 31.17149066925049, "time": 1788465039.342843}
{"event": "train", "step": 50, "loss": 2.410562753677368, "lr": 0.00025, "grad_norm": 17.92099380493164, "mem_mass_mean": 0.06281938031315804, "elapsed": 38.89610242843628, "time": 1788465047.0674553}
{"event": "train", "step": 60, "loss": 3.378696918487549, "lr": 0.0003, "grad_norm": 8.084229469299316, "mem_mass_mean": 0.06146802380681038, "elapsed": 46.49348974227905, "time": 1788465054.6648438}
{"event": "train", "step": 70, "loss": 2.73661732673645, "lr": 0.00035000000000000005, "grad_norm": 1.0146716833114624, "mem_mass_mean": 0.11664856101075809, "elapsed": 54.0629403591156, "time": 1788465062.2342923}
{"event": "train", "step": 80, "loss": 2.1477415561676025, "lr": 0.0004, "grad_norm": 0.3309727907180786, "mem_mass_mean": 0.08212731219828129, "elapsed": 61.59736371040344, "time": 1788465069.7687159}
{"event": "train", "step": 90, "loss": 1.92842698097229, "lr": 0.00045, "grad_norm": 11.786795616149902, "mem_mass_mean": 0.0979682207107544, "elapsed": 69.2944564819336, "time": 1788465077.4658089}
{"event": "train", "step": 100, "loss": 1.785866379737854, "lr": 0.0005, "grad_norm": 2.3583102226257324, "mem_mass_mean": 0.12278234834472339, "elapsed": 77.10856461524963, "time": 1788465085.279917}
{"event": "train", "step": 110, "loss": 1.7921125888824463, "lr": 0.00055, "grad_norm": 0.747112512588501, "mem_mass_mean": 0.08754223709305127, "elapsed": 84.5158064365387, "time": 1788465092.6871588}
{"event": "train", "step": 120, "loss": 1.6011053323745728, "lr": 0.0006, "grad_norm": 0.27761074900627136, "mem_mass_mean": 0.10150368014971416, "elapsed": 92.14046955108643, "time": 1788465100.311822}
{"event": "train", "step": 130, "loss": 1.7441415786743164, "lr": 0.00065, "grad_norm": 0.9905633926391602, "mem_mass_mean": 0.10249071568250656, "elapsed": 99.60298562049866, "time": 1788465107.774339}
{"event": "train", "step": 140, "loss": 1.7624861001968384, "lr": 0.0007000000000000001, "grad_norm": 3.2686381340026855, "mem_mass_mean": 0.08328879252076149, "elapsed": 107.25390481948853, "time": 1788465115.4252565}
{"event": "train", "step": 150, "loss": 1.4495563507080078, "lr": 0.00075, "grad_norm": 1.5919543504714966, "mem_mass_mean": 0.11653420453270276, "elapsed": 114.84284019470215, "time": 1788465123.0141923}
{"event": "train", "step": 160, "loss": 1.3844172954559326, "lr": 0.0008, "grad_norm": 2.3886308670043945, "mem_mass_mean": 0.09299920933942, "elapsed": 122.59017181396484, "time": 1788465130.7615225}
{"event": "train", "step": 170, "loss": 1.4490245580673218, "lr": 0.0008500000000000001, "grad_norm": 1.3222899436950684, "mem_mass_mean": 0.11401470626393954, "elapsed": 130.14293384552002, "time": 1788465138.3142862}
{"event": "train", "step": 180, "loss": 1.395031452178955, "lr": 0.0009, "grad_norm": 0.9111077785491943, "mem_mass_mean": 0.11535371219118436, "elapsed": 137.65243911743164, "time": 1788465145.823791}
{"event": "train", "step": 190, "loss": 1.454164981842041, "lr": 0.00095, "grad_norm": 1.9269732236862183, "mem_mass_mean": 0.13083069026470184, "elapsed": 145.14163899421692, "time": 1788465153.312993}
{"event": "train", "step": 200, "loss": 1.3582955598831177, "lr": 0.001, "grad_norm": 0.5245915651321411, "mem_mass_mean": 0.13302586103479067, "elapsed": 152.86615228652954, "time": 1788465161.0375042}
{"event": "train", "step": 210, "loss": 1.7255580425262451, "lr": 0.0009999981270989646, "grad_norm": 2.007275104522705, "mem_mass_mean": 0.13198585684100786, "elapsed": 160.50080847740173, "time": 1788465168.672161}
{"event": "train", "step": 220, "loss": 1.4262480735778809, "lr": 0.0009999916528931785, "grad_norm": 0.8640666007995605, "mem_mass_mean": 0.1204541064798832, "elapsed": 168.13859844207764, "time": 1788465176.3099496}
{"event": "train", "step": 230, "loss": 1.1169558763504028, "lr": 0.0009999805543269235, "grad_norm": 1.2308831214904785, "mem_mass_mean": 0.103178804119428, "elapsed": 175.9104871749878, "time": 1788465184.0818412}
{"event": "train", "step": 240, "loss": 1.1660175323486328, "lr": 0.0009999648315142543, "grad_norm": 0.5158986449241638, "mem_mass_mean": 0.08393125794827938, "elapsed": 183.9283754825592, "time": 1788465192.099728}
{"event": "train", "step": 250, "loss": 1.488463282585144, "lr": 0.0009999444846167473, "grad_norm": 0.3087502717971802, "mem_mass_mean": 0.09519553805390994, "elapsed": 191.76817202568054, "time": 1788465199.93953}
{"event": "train", "step": 260, "loss": 1.5828406810760498, "lr": 0.0009999195138434983, "grad_norm": 0.4899337887763977, "mem_mass_mean": 0.11729225267966588, "elapsed": 199.57457780838013, "time": 1788465207.7459316}
{"event": "train", "step": 270, "loss": 1.5385929346084595, "lr": 0.0009998899194511206, "grad_norm": 1.4269535541534424, "mem_mass_mean": 0.09908063647647698, "elapsed": 207.40156936645508, "time": 1788465215.572921}
{"event": "train", "step": 280, "loss": 1.3897725343704224, "lr": 0.0009998557017437421, "grad_norm": 0.48510587215423584, "mem_mass_mean": 0.13376789291699728, "elapsed": 215.38674902915955, "time": 1788465223.5581126}
{"event": "train", "step": 290, "loss": 1.1609922647476196, "lr": 0.0009998168610730032, "grad_norm": 0.47829949855804443, "mem_mass_mean": 0.08759331454833348, "elapsed": 223.39072442054749, "time": 1788465231.5620782}
{"event": "train", "step": 300, "loss": 1.5675959587097168, "lr": 0.0009997733978380518, "grad_norm": 1.0358928442001343, "mem_mass_mean": 0.11212297156453133, "elapsed": 231.55246877670288, "time": 1788465239.723825}
{"event": "train", "step": 310, "loss": 1.3641703128814697, "lr": 0.0009997253124855398, "grad_norm": 0.4998322129249573, "mem_mass_mean": 0.09472357295453548, "elapsed": 239.60805201530457, "time": 1788465247.779404}
{"event": "train", "step": 320, "loss": 1.2545645236968994, "lr": 0.0009996726055096182, "grad_norm": 0.7220317125320435, "mem_mass_mean": 0.11643122136592865, "elapsed": 247.5140883922577, "time": 1788465255.6854422}
{"event": "train", "step": 330, "loss": 1.3297739028930664, "lr": 0.000999615277451933, "grad_norm": 1.9128693342208862, "mem_mass_mean": 0.1092423362036546, "elapsed": 255.50701642036438, "time": 1788465263.678369}
{"event": "train", "step": 340, "loss": 1.3852248191833496, "lr": 0.000999553328901619, "grad_norm": 0.43469417095184326, "mem_mass_mean": 0.1405903771519661, "elapsed": 263.6117923259735, "time": 1788465271.78318}
{"event": "train", "step": 350, "loss": 1.25056791305542, "lr": 0.0009994867604952932, "grad_norm": 0.5792388319969177, "mem_mass_mean": 0.13472440962990126, "elapsed": 271.42230010032654, "time": 1788465279.5936584}
{"event": "train", "step": 360, "loss": 1.3822282552719116, "lr": 0.000999415572917049, "grad_norm": 0.5989058017730713, "mem_mass_mean": 0.1346662516395251, "elapsed": 279.50030064582825, "time": 1788465287.6716526}
{"event": "train", "step": 370, "loss": 1.0888606309890747, "lr": 0.0009993397668984487, "grad_norm": 0.6689746379852295, "mem_mass_mean": 0.10979850590229034, "elapsed": 287.4827527999878, "time": 1788465295.654104}
{"event": "train", "step": 380, "loss": 1.1372629404067993, "lr": 0.0009992593432185165, "grad_norm": 0.7262671589851379, "mem_mass_mean": 0.10159353787700336, "elapsed": 295.59840965270996, "time": 1788465303.7697618}
{"event": "train", "step": 390, "loss": 1.3117778301239014, "lr": 0.0009991743027037304, "grad_norm": 0.9789652228355408, "mem_mass_mean": 0.10066522471606731, "elapsed": 303.5859832763672, "time": 1788465311.757336}
{"event": "train", "step": 400, "loss": 1.343731164932251, "lr": 0.0009990846462280129, "grad_norm": 0.4957304000854492, "mem_mass_mean": 0.128415418167909, "elapsed": 311.69414138793945, "time": 1788465319.8654935}
{"event": "train", "step": 410, "loss": 1.1665711402893066, "lr": 0.0009989903747127233, "grad_norm": 0.7077985405921936, "mem_mass_mean": 0.11773345371087392, "elapsed": 319.53411316871643, "time": 1788465327.705469}
{"event": "train", "step": 420, "loss": 1.1953341960906982, "lr": 0.000998891489126647, "grad_norm": 0.9488104581832886, "mem_mass_mean": 0.11076175918181737, "elapsed": 328.9767220020294, "time": 1788465337.1480744}
{"event": "train", "step": 430, "loss": 1.318468451499939, "lr": 0.0009987879904859867, "grad_norm": 0.7283667325973511, "mem_mass_mean": 0.08922356677552064, "elapsed": 338.49621295928955, "time": 1788465346.667565}
{"event": "train", "step": 440, "loss": 1.3909027576446533, "lr": 0.000998679879854351, "grad_norm": 0.7179417610168457, "mem_mass_mean": 0.1445774125556151, "elapsed": 347.9898352622986, "time": 1788465356.1611874}
{"event": "train", "step": 450, "loss": 1.1188315153121948, "lr": 0.0009985671583427438, "grad_norm": 0.9908979535102844, "mem_mass_mean": 0.11093652248382568, "elapsed": 357.54641819000244, "time": 1788465365.7177722}
{"event": "train", "step": 460, "loss": 1.29133939743042, "lr": 0.000998449827109553, "grad_norm": 0.7809415459632874, "mem_mass_mean": 0.08812496935327847, "elapsed": 367.09494709968567, "time": 1788465375.2663004}
{"event": "train", "step": 470, "loss": 1.2620707750320435, "lr": 0.0009983278873605384, "grad_norm": 0.5018625855445862, "mem_mass_mean": 0.11918134863177936, "elapsed": 376.58907318115234, "time": 1788465384.7604249}
{"event": "train", "step": 480, "loss": 1.2865134477615356, "lr": 0.0009982013403488203, "grad_norm": 1.3682277202606201, "mem_mass_mean": 0.1132661650578181, "elapsed": 386.05564761161804, "time": 1788465394.2269993}
{"event": "train", "step": 490, "loss": 1.3664437532424927, "lr": 0.0009980701873748643, "grad_norm": 0.6920108795166016, "mem_mass_mean": 0.10560744255781174, "elapsed": 395.4369034767151, "time": 1788465403.6082575}
{"event": "train", "step": 500, "loss": 0.9628972411155701, "lr": 0.0009979344297864705, "grad_norm": 0.922700047492981, "mem_mass_mean": 0.08809554701050122, "elapsed": 404.90451741218567, "time": 1788465413.0758698}
{"event": "train", "step": 510, "loss": 1.1834371089935303, "lr": 0.0009977940689787578, "grad_norm": 0.7582371830940247, "mem_mass_mean": 0.09846297279000282, "elapsed": 414.458927154541, "time": 1788465422.6302795}
{"event": "train", "step": 520, "loss": 1.1742151975631714, "lr": 0.0009976491063941513, "grad_norm": 0.6114534735679626, "mem_mass_mean": 0.12072679648796718, "elapsed": 423.96708703041077, "time": 1788465432.1384382}
{"event": "train", "step": 530, "loss": 1.240795373916626, "lr": 0.0009974995435223654, "grad_norm": 0.6494800448417664, "mem_mass_mean": 0.07689124221603076, "elapsed": 433.50488328933716, "time": 1788465441.6762567}
{"event": "train", "step": 540, "loss": 0.961378276348114, "lr": 0.0009973453819003897, "grad_norm": 0.49368780851364136, "mem_mass_mean": 0.08834929391741753, "elapsed": 443.08975982666016, "time": 1788465451.2611122}
{"event": "train", "step": 550, "loss": 1.2714227437973022, "lr": 0.0009971866231124741, "grad_norm": 0.5173366665840149, "mem_mass_mean": 0.10320656125744183, "elapsed": 452.4841413497925, "time": 1788465460.6554942}
{"event": "train", "step": 560, "loss": 1.3840525150299072, "lr": 0.0009970232687901105, "grad_norm": 1.0291235446929932, "mem_mass_mean": 0.13144748657941818, "elapsed": 461.9598288536072, "time": 1788465470.131181}
{"event": "train", "step": 570, "loss": 1.3829283714294434, "lr": 0.000996855320612017, "grad_norm": 1.271625280380249, "mem_mass_mean": 0.14193406080206236, "elapsed": 471.61956000328064, "time": 1788465479.7909112}
{"event": "train", "step": 580, "loss": 1.1430796384811401, "lr": 0.0009966827803041217, "grad_norm": 0.629240870475769, "mem_mass_mean": 0.12434176728129387, "elapsed": 481.0843994617462, "time": 1788465489.255752}
{"event": "train", "step": 590, "loss": 1.043575644493103, "lr": 0.0009965056496395424, "grad_norm": 0.684048593044281, "mem_mass_mean": 0.106775746991237, "elapsed": 490.6911816596985, "time": 1788465498.8625338}
{"event": "train", "step": 600, "loss": 1.2184638977050781, "lr": 0.0009963239304385712, "grad_norm": 0.995673656463623, "mem_mass_mean": 0.11466667925318082, "elapsed": 500.11536145210266, "time": 1788465508.2867134}
{"event": "train", "step": 610, "loss": 1.2692302465438843, "lr": 0.0009961376245686538, "grad_norm": 1.2812238931655884, "mem_mass_mean": 0.11612554515401523, "elapsed": 509.567978143692, "time": 1788465517.7393303}
{"event": "train", "step": 620, "loss": 0.8737824559211731, "lr": 0.0009959467339443718, "grad_norm": 0.7937512993812561, "mem_mass_mean": 0.11486126979192098, "elapsed": 519.561047077179, "time": 1788465527.7324045}
{"event": "train", "step": 630, "loss": 1.4920157194137573, "lr": 0.000995751260527421, "grad_norm": 0.5194668173789978, "mem_mass_mean": 0.10806492467721303, "elapsed": 529.2980880737305, "time": 1788465537.4694402}
{"event": "train", "step": 640, "loss": 1.1605231761932373, "lr": 0.0009955512063265937, "grad_norm": 0.7304128408432007, "mem_mass_mean": 0.12855596219499907, "elapsed": 538.7738556861877, "time": 1788465546.9452107}
{"event": "train", "step": 650, "loss": 1.2148374319076538, "lr": 0.000995346573397756, "grad_norm": 1.0495350360870361, "mem_mass_mean": 0.09881029774745305, "elapsed": 548.4198551177979, "time": 1788465556.591207}
{"event": "train", "step": 660, "loss": 1.135469675064087, "lr": 0.0009951373638438282, "grad_norm": 0.5221736431121826, "mem_mass_mean": 0.07426251408954461, "elapsed": 558.1925151348114, "time": 1788465566.3638668}
{"event": "train", "step": 670, "loss": 1.0036858320236206, "lr": 0.000994923579814762, "grad_norm": 0.4437251687049866, "mem_mass_mean": 0.1067168228328228, "elapsed": 567.640029668808, "time": 1788465575.8113813}
{"event": "train", "step": 680, "loss": 1.3170169591903687, "lr": 0.000994705223507519, "grad_norm": 0.5139593482017517, "mem_mass_mean": 0.12275485321879387, "elapsed": 577.2652161121368, "time": 1788465585.436568}
{"event": "train", "step": 690, "loss": 1.2199268341064453, "lr": 0.0009944822971660482, "grad_norm": 0.583733320236206, "mem_mass_mean": 0.1448420857389768, "elapsed": 586.7096416950226, "time": 1788465594.8809938}
{"event": "train", "step": 700, "loss": 1.3045084476470947, "lr": 0.0009942548030812625, "grad_norm": 0.7921240329742432, "mem_mass_mean": 0.09501767965654533, "elapsed": 596.3863906860352, "time": 1788465604.5577419}
{"event": "train", "step": 710, "loss": 1.1846619844436646, "lr": 0.000994022743591016, "grad_norm": 0.6387240886688232, "mem_mass_mean": 0.11087139199177425, "elapsed": 606.0432639122009, "time": 1788465614.2146168}
{"event": "train", "step": 720, "loss": 1.2530052661895752, "lr": 0.0009937861210800784, "grad_norm": 0.9314393401145935, "mem_mass_mean": 0.11932862798372905, "elapsed": 615.8703219890594, "time": 1788465624.0416753}
{"event": "train", "step": 730, "loss": 1.1225508451461792, "lr": 0.000993544937980113, "grad_norm": 0.4687424600124359, "mem_mass_mean": 0.12504716838399568, "elapsed": 625.5240206718445, "time": 1788465633.6953723}
{"event": "train", "step": 740, "loss": 1.0845754146575928, "lr": 0.0009932991967696483, "grad_norm": 0.5542803406715393, "mem_mass_mean": 0.12114545082052548, "elapsed": 635.1741993427277, "time": 1788465643.3455548}
{"event": "train", "step": 750, "loss": 1.1261520385742188, "lr": 0.000993048899974056, "grad_norm": 1.5156034231185913, "mem_mass_mean": 0.13149758552511534, "elapsed": 644.6492879390717, "time": 1788465652.8206449}
{"event": "train", "step": 760, "loss": 1.1822220087051392, "lr": 0.000992794050165523, "grad_norm": 0.5940715074539185, "mem_mass_mean": 0.11869115630785625, "elapsed": 654.426598072052, "time": 1788465662.5979495}
{"event": "train", "step": 770, "loss": 1.274558663368225, "lr": 0.0009925346499630252, "grad_norm": 0.6630496978759766, "mem_mass_mean": 0.09500496089458466, "elapsed": 663.8832137584686, "time": 1788465672.054567}
{"event": "train", "step": 780, "loss": 1.092178463935852, "lr": 0.0009922707020323012, "grad_norm": 0.3896322250366211, "mem_mass_mean": 0.1378365196287632, "elapsed": 673.5558569431305, "time": 1788465681.7272093}
{"event": "train", "step": 790, "loss": 0.9909787774085999, "lr": 0.000992002209085824, "grad_norm": 0.4420100152492523, "mem_mass_mean": 0.11654016003012657, "elapsed": 683.0319790840149, "time": 1788465691.2033353}
{"event": "train", "step": 800, "loss": 1.2219048738479614, "lr": 0.0009917291738827747, "grad_norm": 0.37924569845199585, "mem_mass_mean": 0.12781402096152306, "elapsed": 692.6088247299194, "time": 1788465700.7801769}
{"event": "train", "step": 810, "loss": 1.1397665739059448, "lr": 0.0009914515992290116, "grad_norm": 0.8231362700462341, "mem_mass_mean": 0.15732592344284058, "elapsed": 702.0331809520721, "time": 1788465710.2045348}
{"event": "train", "step": 820, "loss": 1.5536774396896362, "lr": 0.0009911694879770445, "grad_norm": 0.4427648186683655, "mem_mass_mean": 0.11177493756016095, "elapsed": 711.8652517795563, "time": 1788465720.036604}
{"event": "train", "step": 830, "loss": 0.9183592796325684, "lr": 0.0009908828430260023, "grad_norm": 0.6458624005317688, "mem_mass_mean": 0.09456849532822768, "elapsed": 721.1831572055817, "time": 1788465729.3545105}
{"event": "train", "step": 840, "loss": 1.075925588607788, "lr": 0.0009905916673216063, "grad_norm": 0.6622660756111145, "mem_mass_mean": 0.11575372144579887, "elapsed": 730.9647650718689, "time": 1788465739.1361175}
{"event": "train", "step": 850, "loss": 1.1198463439941406, "lr": 0.0009902959638561366, "grad_norm": 0.7328516244888306, "mem_mass_mean": 0.08806553234656651, "elapsed": 740.4666264057159, "time": 1788465748.637979}
{"event": "train", "step": 860, "loss": 0.9741066694259644, "lr": 0.000989995735668404, "grad_norm": 0.4935550391674042, "mem_mass_mean": 0.12999469538529715, "elapsed": 749.917417049408, "time": 1788465758.0887694}
{"event": "train", "step": 870, "loss": 1.0059027671813965, "lr": 0.000989690985843718, "grad_norm": 0.4904654026031494, "mem_mass_mean": 0.11730544144908588, "elapsed": 759.2883710861206, "time": 1788465767.4597242}
{"event": "train", "step": 880, "loss": 1.150283932685852, "lr": 0.000989381717513854, "grad_norm": 1.185104250907898, "mem_mass_mean": 0.12823121125499407, "elapsed": 768.9895913600922, "time": 1788465777.160944}
{"event": "train", "step": 890, "loss": 1.157048225402832, "lr": 0.0009890679338570231, "grad_norm": 1.4097964763641357, "mem_mass_mean": 0.1494800510505835, "elapsed": 778.2387082576752, "time": 1788465786.4100611}
{"event": "train", "step": 900, "loss": 0.9079240560531616, "lr": 0.0009887496380978375, "grad_norm": 0.6789562106132507, "mem_mass_mean": 0.1263736734787623, "elapsed": 787.8550140857697, "time": 1788465796.0263662}
{"event": "train", "step": 910, "loss": 0.960357666015625, "lr": 0.0009884268335072788, "grad_norm": 0.5738222002983093, "mem_mass_mean": 0.11071690171957016, "elapsed": 797.4150071144104, "time": 1788465805.5863595}
{"event": "train", "step": 920, "loss": 0.9928007125854492, "lr": 0.0009880995234026633, "grad_norm": 0.867178201675415, "mem_mass_mean": 0.09214179031550884, "elapsed": 806.7865655422211, "time": 1788465814.9579184}
{"event": "train", "step": 930, "loss": 1.002962350845337, "lr": 0.0009877677111476094, "grad_norm": 0.8314619064331055, "mem_mass_mean": 0.13924191892147064, "elapsed": 816.1187574863434, "time": 1788465824.2901096}
{"event": "train", "step": 940, "loss": 1.175046682357788, "lr": 0.0009874314001520007, "grad_norm": 0.5222703814506531, "mem_mass_mean": 0.12684683501720428, "elapsed": 825.5179927349091, "time": 1788465833.6893454}
{"event": "train", "step": 950, "loss": 1.0189651250839233, "lr": 0.0009870905938719535, "grad_norm": 2.426412582397461, "mem_mass_mean": 0.08991691221793492, "elapsed": 834.800856590271, "time": 1788465842.9722075}
{"event": "train", "step": 960, "loss": 1.1812092065811157, "lr": 0.0009867452958097795, "grad_norm": 0.8019387125968933, "mem_mass_mean": 0.1543487807114919, "elapsed": 844.3606538772583, "time": 1788465852.5320046}
{"event": "train", "step": 970, "loss": 1.2394943237304688, "lr": 0.0009863955095139505, "grad_norm": 1.4861161708831787, "mem_mass_mean": 0.12043914943933487, "elapsed": 853.8286492824554, "time": 1788465862.0000026}
{"event": "train", "step": 980, "loss": 0.9557582139968872, "lr": 0.0009860412385790619, "grad_norm": 0.6697894334793091, "mem_mass_mean": 0.10877802222967148, "elapsed": 863.0734162330627, "time": 1788465871.2447672}
{"event": "train", "step": 990, "loss": 0.9169787764549255, "lr": 0.0009856824866457956, "grad_norm": 0.6846575140953064, "mem_mass_mean": 0.11613967642188072, "elapsed": 872.4866926670074, "time": 1788465880.6580453}
{"event": "train", "step": 1000, "loss": 0.9996881484985352, "lr": 0.0009853192574008829, "grad_norm": 0.9805136919021606, "mem_mass_mean": 0.1200238714615504, "elapsed": 882.0678193569183, "time": 1788465890.2391703}
{"memory_correct": {"ce": 1.1425912120612338, "em": 0.1484375, "f1": 0.1484375, "n": 256}, "memory_zero": {"ce": 4.802775196352741, "em": 0.03125, "f1": 0.035416666666666666, "n": 256}, "memory_donor": {"ce": 1.2204055240144953, "em": 0.0859375, "f1": 0.0859375, "n": 256}, "base_in_context": {"ce": 0.0010107289876026826, "em": 1.0, "f1": 1.0, "n": 256}, "mem_mass": {"4": 0.11063713394105434, "8": 0.10018990654498339, "12": 0.10511055588722229, "15": 0.2280036024749279, "19": 0.10046235099434853, "23": 0.07839748449623585}, "samples": [{"question": "What is Hamza Totisa's birth month?", "gold": "October", "pred": "April"}, {"question": "What is Sana Dari's sport?", "gold": "tennis", "pred": "rugby"}, {"question": "What is Gwen Nusike's pet?", "gold": "hamster", "pred": "canary"}, {"question": "What is Gwen Namuru's lucky number?", "gold": "46", "pred": "15"}, {"question": "What is Aiko Bome's hometown?", "gold": "Lima", "pred": "Lisbon"}, {"question": "What is Ximena Kidi's door code?", "gold": "1296", "pred": "1234"}, {"question": "What is Jana Revu's job?", "gold": "welder", "pred": "teacher"}, {"question": "What is Rafael Tusi's door code?", "gold": "7031", "pred": "1545"}], "event": "eval", "step": 1000, "set": "synthetic_k8", "time": 1788465919.466335}
{"memory_correct": {"ce": 1.088404861802701, "em": 0.171875, "f1": 0.171875, "n": 256}, "memory_zero": {"ce": 4.659122891731386, "em": 0.03125, "f1": 0.033203125, "n": 256}, "memory_donor": {"ce": 1.1976174790179357, "em": 0.08203125, "f1": 0.08203125, "n": 256}, "base_in_context": {"ce": 0.003060471701203049, "em": 1.0, "f1": 1.0, "n": 256}, "mem_mass": {"4": 0.10870503075420856, "8": 0.0978072788566351, "12": 0.10354708414524794, "15": 0.22684144042432308, "19": 0.09895524848252535, "23": 0.07670972403138876}, "samples": [{"question": "What is Dev Kori's favorite fruit?", "gold": "apple", "pred": "plum"}, {"question": "What is Noor Lulidi's hometown?", "gold": "Oslo", "pred": "Lisbon"}, {"question": "What is Bram Ladusa's instrument?", "gold": "piano", "pred": "guitar"}, {"question": "What is Hamza Modavi's favorite fruit?", "gold": "grape", "pred": "kiwi"}, {"question": "What is Aiko Merosu's sport?", "gold": "fencing", "pred": "golf"}, {"question": "What is Dani Turi's lucky number?", "gold": "21", "pred": "45"}, {"question": "What is Wanda Mona's sport?", "gold": "rugby", "pred": "rugby"}, {"question": "What is Eyal Voremu's instrument?", "gold": "cello", "pred": "violin"}], "event": "eval", "step": 1000, "set": "synthetic_k4", "time": 1788465943.9343843}
{"memory_correct": {"ce": 1.1008565005031414, "em": 0.1171875, "f1": 0.1171875, "n": 256}, "memory_zero": {"ce": 4.723327737185173, "em": 0.03125, "f1": 0.03515625, "n": 256}, "memory_donor": {"ce": 1.1339866227936, "em": 0.09375, "f1": 0.09375, "n": 256}, "base_in_context": {"ce": 0.0035145777096130537, "em": 1.0, "f1": 1.0, "n": 256}, "mem_mass": {"4": 0.11171954032033682, "8": 0.10077202320098877, "12": 0.10602213442325592, "15": 0.2287736739963293, "19": 0.10153321828693151, "23": 0.0792833948507905}, "samples": [{"question": "What is Dani Mani's car?", "gold": "Peugeot", "pred": "Ford"}, {"question": "What is Viktor Desi's favorite color?", "gold": "red", "pred": "red"}, {"question": "What is Jana Meki's door code?", "gold": "8363", "pred": "123456"}, {"question": "What is Ximena Mamune's sport?", "gold": "golf", "pred": "golf"}, {"question": "What is Viktor Lasomo's favorite color?", "gold": "orange", "pred": "black"}, {"question": "What is Eyal Delune's birth month?", "gold": "February", "pred": "April"}, {"question": "What is Amara Kali's favorite color?", "gold": "brown", "pred": "green"}, {"question": "What is Viktor Revosi's birth month?", "gold": "April", "pred": "April"}], "event": "eval", "step": 1000, "set": "synthetic_k16", "time": 1788465974.7610564}
{"event": "train", "step": 1010, "loss": 1.0145339965820312, "lr": 0.000984951554577066, "grad_norm": 0.8673606514930725, "mem_mass_mean": 0.07652911605934302, "elapsed": 974.4981625080109, "time": 1788465982.669515}
{"event": "train", "step": 1020, "loss": 1.3309768438339233, "lr": 0.0009845793819530612, "grad_norm": 0.5504707098007202, "mem_mass_mean": 0.11019785453875859, "elapsed": 982.6679422855377, "time": 1788465990.8392944}
{"event": "train", "step": 1030, "loss": 0.9687190055847168, "lr": 0.000984202743353517, "grad_norm": 0.9353643655776978, "mem_mass_mean": 0.15297715986768404, "elapsed": 990.3987030982971, "time": 1788465998.5700567}
{"event": "train", "step": 1040, "loss": 1.1459691524505615, "lr": 0.0009838216426489783, "grad_norm": 0.6748388409614563, "mem_mass_mean": 0.128639567643404, "elapsed": 998.2330083847046, "time": 1788466006.4043612}
{"event": "train", "step": 1050, "loss": 1.328173279762268, "lr": 0.0009834360837558443, "grad_norm": 0.6517577171325684, "mem_mass_mean": 0.1404169164597988, "elapsed": 1006.3173184394836, "time": 1788466014.4886708}
{"event": "train", "step": 1060, "loss": 1.2479904890060425, "lr": 0.0009830460706363293, "grad_norm": 0.5666170120239258, "mem_mass_mean": 0.12161252771814664, "elapsed": 1014.3369314670563, "time": 1788466022.5082836}
{"event": "train", "step": 1070, "loss": 1.2201976776123047, "lr": 0.0009826516072984214, "grad_norm": 0.6197782158851624, "mem_mass_mean": 0.17905648797750473, "elapsed": 1022.1285834312439, "time": 1788466030.2999358}
{"event": "train", "step": 1080, "loss": 1.0118173360824585, "lr": 0.0009822526977958418, "grad_norm": 0.6923571825027466, "mem_mass_mean": 0.13767184689641, "elapsed": 1030.0027060508728, "time": 1788466038.1740568}
{"event": "train", "step": 1090, "loss": 0.8152549862861633, "lr": 0.000981849346228003, "grad_norm": 0.7450851798057556, "mem_mass_mean": 0.09946493556102116, "elapsed": 1037.8421485424042, "time": 1788466046.013501}
{"event": "train", "step": 1100, "loss": 0.9481220841407776, "lr": 0.000981441556739966, "grad_norm": 0.7160099148750305, "mem_mass_mean": 0.1030431625743707, "elapsed": 1045.6535716056824, "time": 1788466053.8249242}
{"event": "train", "step": 1110, "loss": 1.0155102014541626, "lr": 0.0009810293335223992, "grad_norm": 0.8944501280784607, "mem_mass_mean": 0.10851799820860226, "elapsed": 1053.4321613311768, "time": 1788466061.603514}
{"event": "train", "step": 1120, "loss": 0.8899522423744202, "lr": 0.0009806126808115337, "grad_norm": 0.5350560545921326, "mem_mass_mean": 0.09401510842144489, "elapsed": 1061.4808104038239, "time": 1788466069.6521623}
{"event": "train", "step": 1130, "loss": 1.1470054388046265, "lr": 0.0009801916028891208, "grad_norm": 1.0101174116134644, "mem_mass_mean": 0.11835240572690964, "elapsed": 1069.1800377368927, "time": 1788466077.35139}
{"event": "train", "step": 1140, "loss": 1.1057695150375366, "lr": 0.0009797661040823876, "grad_norm": 0.5336220264434814, "mem_mass_mean": 0.11512076358000438, "elapsed": 1076.969705581665, "time": 1788466085.141058}
{"event": "train", "step": 1150, "loss": 0.9435744881629944, "lr": 0.0009793361887639929, "grad_norm": 1.3228418827056885, "mem_mass_mean": 0.09284862379233043, "elapsed": 1084.634093761444, "time": 1788466092.805446}
{"event": "train", "step": 1160, "loss": 1.1730661392211914, "lr": 0.0009789018613519814, "grad_norm": 0.4379366636276245, "mem_mass_mean": 0.13702922811110815, "elapsed": 1092.3292894363403, "time": 1788466100.500642}
{"event": "train", "step": 1170, "loss": 1.0672187805175781, "lr": 0.0009784631263097397, "grad_norm": 0.8258247971534729, "mem_mass_mean": 0.12148707608381908, "elapsed": 1100.0767726898193, "time": 1788466108.2481263}
{"event": "train", "step": 1180, "loss": 1.0381388664245605, "lr": 0.0009780199881459486, "grad_norm": 0.6042823195457458, "mem_mass_mean": 0.1137054127951463, "elapsed": 1107.9206051826477, "time": 1788466116.0919561}
{"event": "train", "step": 1190, "loss": 0.8078787922859192, "lr": 0.0009775724514145391, "grad_norm": 0.5598002672195435, "mem_mass_mean": 0.13810412089029947, "elapsed": 1115.6665241718292, "time": 1788466123.8378773}
{"event": "train", "step": 1200, "loss": 0.8756933212280273, "lr": 0.000977120520714643, "grad_norm": 0.9493181705474854, "mem_mass_mean": 0.10307272089024384, "elapsed": 1123.9089641571045, "time": 1788466132.0803158}
{"event": "train", "step": 1210, "loss": 0.8827728629112244, "lr": 0.0009766642006905479, "grad_norm": 0.5385263562202454, "mem_mass_mean": 0.11834653466939926, "elapsed": 1131.8968727588654, "time": 1788466140.0682266}
{"event": "train", "step": 1220, "loss": 0.9703315496444702, "lr": 0.0009762034960316476, "grad_norm": 0.6585496664047241, "mem_mass_mean": 0.09912891127169132, "elapsed": 1139.8711080551147, "time": 1788466148.0424604}
{"event": "train", "step": 1230, "loss": 1.0462443828582764, "lr": 0.0009757384114723954, "grad_norm": 0.5197662711143494, "mem_mass_mean": 0.10995522389809291, "elapsed": 1148.1058719158173, "time": 1788466156.2772245}
{"event": "train", "step": 1240, "loss": 1.1572641134262085, "lr": 0.000975268951792255, "grad_norm": 0.9196017384529114, "mem_mass_mean": 0.1273151251176993, "elapsed": 1156.1185519695282, "time": 1788466164.2899048}
{"event": "train", "step": 1250, "loss": 1.0763840675354004, "lr": 0.0009747951218156508, "grad_norm": 0.8229469656944275, "mem_mass_mean": 0.10416187097628911, "elapsed": 1164.091105222702, "time": 1788466172.262457}
{"event": "train", "step": 1260, "loss": 1.081323266029358, "lr": 0.0009743169264119188, "grad_norm": 0.3459068536758423, "mem_mass_mean": 0.12406293675303459, "elapsed": 1172.296842098236, "time": 1788466180.468195}
{"event": "train", "step": 1270, "loss": 0.8880162239074707, "lr": 0.0009738343704952568, "grad_norm": 0.4316103458404541, "mem_mass_mean": 0.13502429177363715, "elapsed": 1180.683308839798, "time": 1788466188.8546634}
{"event": "train", "step": 1280, "loss": 1.1432244777679443, "lr": 0.0009733474590246736, "grad_norm": 0.6122981309890747, "mem_mass_mean": 0.1070740856230259, "elapsed": 1188.6518166065216, "time": 1788466196.823169}
{"event": "train", "step": 1290, "loss": 0.9299898147583008, "lr": 0.0009728561970039376, "grad_norm": 0.569890022277832, "mem_mass_mean": 0.11677348117033641, "elapsed": 1197.093406200409, "time": 1788466205.2647586}
{"event": "train", "step": 1300, "loss": 1.027380347251892, "lr": 0.0009723605894815264, "grad_norm": 0.5845164060592651, "mem_mass_mean": 0.1206879864136378, "elapsed": 1205.0818650722504, "time": 1788466213.253223}
{"event": "train", "step": 1310, "loss": 0.7823463678359985, "lr": 0.000971860641550574, "grad_norm": 0.652147114276886, "mem_mass_mean": 0.11245095233122508, "elapsed": 1213.3062813282013, "time": 1788466221.477635}
{"event": "train", "step": 1320, "loss": 0.9277799725532532, "lr": 0.0009713563583488189, "grad_norm": 0.5317801833152771, "mem_mass_mean": 0.1131091055770715, "elapsed": 1221.6322395801544, "time": 1788466229.8035934}
{"event": "train", "step": 1330, "loss": 1.0027272701263428, "lr": 0.0009708477450585514, "grad_norm": 0.6932646632194519, "mem_mass_mean": 0.09214660649498303, "elapsed": 1230.0895965099335, "time": 1788466238.2609513}
{"event": "train", "step": 1340, "loss": 1.2481119632720947, "lr": 0.0009703348069065597, "grad_norm": 0.42487767338752747, "mem_mass_mean": 0.130800049751997, "elapsed": 1239.4472525119781, "time": 1788466247.618605}
{"event": "train", "step": 1350, "loss": 0.9763056635856628, "lr": 0.0009698175491640772, "grad_norm": 0.651059627532959, "mem_mass_mean": 0.09182065601150195, "elapsed": 1248.878167629242, "time": 1788466257.0495214}
{"event": "train", "step": 1360, "loss": 1.1669450998306274, "lr": 0.0009692959771467275, "grad_norm": 0.5091924071311951, "mem_mass_mean": 0.13756164287527403, "elapsed": 1258.4807636737823, "time": 1788466266.6521204}
{"event": "train", "step": 1370, "loss": 0.8222352862358093, "lr": 0.0009687700962144698, "grad_norm": 0.6306173205375671, "mem_mass_mean": 0.10426065946618716, "elapsed": 1267.8990406990051, "time": 1788466276.0704064}
{"event": "train", "step": 1380, "loss": 1.0208629369735718, "lr": 0.0009682399117715447, "grad_norm": 0.6919544339179993, "mem_mass_mean": 0.10730219632387161, "elapsed": 1277.4409832954407, "time": 1788466285.6123364}
{"event": "train", "step": 1390, "loss": 1.1778130531311035, "lr": 0.0009677054292664172, "grad_norm": 0.8957468867301941, "mem_mass_mean": 0.11523256947596867, "elapsed": 1286.9904870986938, "time": 1788466295.1618385}
{"event": "train", "step": 1400, "loss": 1.0650757551193237, "lr": 0.0009671666541917226, "grad_norm": 0.7036356329917908, "mem_mass_mean": 0.11898649856448174, "elapsed": 1296.395170211792, "time": 1788466304.5665221}
{"event": "train", "step": 1410, "loss": 1.1073652505874634, "lr": 0.0009666235920842078, "grad_norm": 0.6823269128799438, "mem_mass_mean": 0.1340773602326711, "elapsed": 1305.846999168396, "time": 1788466314.018368}
{"event": "train", "step": 1420, "loss": 1.2690815925598145, "lr": 0.0009660762485246767, "grad_norm": 0.3946754038333893, "mem_mass_mean": 0.10940335256357987, "elapsed": 1315.3956027030945, "time": 1788466323.5669558}
{"event": "train", "step": 1430, "loss": 1.1518656015396118, "lr": 0.0009655246291379309, "grad_norm": 0.7474774718284607, "mem_mass_mean": 0.14454531917969385, "elapsed": 1324.852900505066, "time": 1788466333.024259}
{"event": "train", "step": 1440, "loss": 1.1144490242004395, "lr": 0.0009649687395927132, "grad_norm": 0.8244891166687012, "mem_mass_mean": 0.11886630207300186, "elapsed": 1334.648414850235, "time": 1788466342.8197708}
{"event": "train", "step": 1450, "loss": 1.0184599161148071, "lr": 0.0009644085856016488, "grad_norm": 0.6540716886520386, "mem_mass_mean": 0.11334917694330215, "elapsed": 1344.19300365448, "time": 1788466352.364366}
{"event": "train", "step": 1460, "loss": 1.1867518424987793, "lr": 0.0009638441729211865, "grad_norm": 0.5251283645629883, "mem_mass_mean": 0.1414104327559471, "elapsed": 1353.8546295166016, "time": 1788466362.0259805}
{"event": "train", "step": 1470, "loss": 1.3143996000289917, "lr": 0.00096327550735154, "grad_norm": 0.5930878520011902, "mem_mass_mean": 0.13236898432175317, "elapsed": 1363.13578414917, "time": 1788466371.3071363}
{"event": "train", "step": 1480, "loss": 0.9330776929855347, "lr": 0.0009627025947366277, "grad_norm": 0.6985634565353394, "mem_mass_mean": 0.09810193938513596, "elapsed": 1372.5615105628967, "time": 1788466380.7328622}
{"event": "train", "step": 1490, "loss": 1.016322374343872, "lr": 0.0009621254409640134, "grad_norm": 0.5508148670196533, "mem_mass_mean": 0.11864724631110828, "elapsed": 1381.951042175293, "time": 1788466390.1223962}
{"event": "train", "step": 1500, "loss": 0.9532352089881897, "lr": 0.0009615440519648448, "grad_norm": 0.6139904260635376, "mem_mass_mean": 0.11946043247977893, "elapsed": 1391.480851650238, "time": 1788466399.652203}
{"event": "train", "step": 1510, "loss": 1.2048588991165161, "lr": 0.0009609584337137938, "grad_norm": 0.5358441472053528, "mem_mass_mean": 0.10622260471185048, "elapsed": 1400.8212206363678, "time": 1788466408.992572}
{"event": "train", "step": 1520, "loss": 0.8338624238967896, "lr": 0.0009603685922289935, "grad_norm": 0.5924266576766968, "mem_mass_mean": 0.09942223069568475, "elapsed": 1410.331565618515, "time": 1788466418.5029182}
{"event": "train", "step": 1530, "loss": 1.112552285194397, "lr": 0.0009597745335719781, "grad_norm": 0.3988817632198334, "mem_mass_mean": 0.0953908668210109, "elapsed": 1419.6131467819214, "time": 1788466427.7845}
{"event": "train", "step": 1540, "loss": 0.9535801410675049, "lr": 0.0009591762638476194, "grad_norm": 0.6991375684738159, "mem_mass_mean": 0.09229319542646408, "elapsed": 1429.1834976673126, "time": 1788466437.3548534}
{"event": "train", "step": 1550, "loss": 0.9434081315994263, "lr": 0.0009585737892040644, "grad_norm": 0.7127866744995117, "mem_mass_mean": 0.11204235379894574, "elapsed": 1438.6091787815094, "time": 1788466446.7805314}
{"event": "train", "step": 1560, "loss": 0.9601384997367859, "lr": 0.0009579671158326722, "grad_norm": 0.5245605111122131, "mem_mass_mean": 0.1441128229101499, "elapsed": 1448.1667339801788, "time": 1788466456.3380868}
{"event": "train", "step": 1570, "loss": 0.907788097858429, "lr": 0.0009573562499679507, "grad_norm": 0.7482414841651917, "mem_mass_mean": 0.11997759714722633, "elapsed": 1457.3253345489502, "time": 1788466465.4966872}
{"event": "train", "step": 1580, "loss": 0.5687375664710999, "lr": 0.0009567411978874913, "grad_norm": 0.6490154266357422, "mem_mass_mean": 0.06511186435818672, "elapsed": 1467.005994796753, "time": 1788466475.1773465}
{"event": "train", "step": 1590, "loss": 0.8885078430175781, "lr": 0.000956121965911906, "grad_norm": 0.8480750322341919, "mem_mass_mean": 0.14310804878671965, "elapsed": 1476.4140403270721, "time": 1788466484.5853925}
{"event": "train", "step": 1600, "loss": 0.6830891966819763, "lr": 0.0009554985604047615, "grad_norm": 0.796758234500885, "mem_mass_mean": 0.07534438061217467, "elapsed": 1485.6619174480438, "time": 1788466493.8332703}
{"event": "train", "step": 1610, "loss": 0.9904829859733582, "lr": 0.0009548709877725137, "grad_norm": 0.7704874873161316, "mem_mass_mean": 0.11281024167935054, "elapsed": 1495.1336615085602, "time": 1788466503.3050134}
{"event": "train", "step": 1620, "loss": 0.6919005513191223, "lr": 0.0009542392544644426, "grad_norm": 1.0130798816680908, "mem_mass_mean": 0.09164140808085601, "elapsed": 1504.7285940647125, "time": 1788466512.899946}
{"event": "train", "step": 1630, "loss": 0.6790375709533691, "lr": 0.0009536033669725852, "grad_norm": 1.382462978363037, "mem_mass_mean": 0.11375634620587032, "elapsed": 1514.2613883018494, "time": 1788466522.432742}
{"event": "train", "step": 1640, "loss": 0.7792888283729553, "lr": 0.0009529633318316696, "grad_norm": 0.6211103796958923, "mem_mass_mean": 0.10275780782103539, "elapsed": 1523.7368986606598, "time": 1788466531.9082503}
{"event": "train", "step": 1650, "loss": 0.5538045167922974, "lr": 0.0009523191556190468, "grad_norm": 0.615973711013794, "mem_mass_mean": 0.11384802808364232, "elapsed": 1533.2919838428497, "time": 1788466541.4633362}
{"event": "train", "step": 1660, "loss": 0.8072303533554077, "lr": 0.0009516708449546243, "grad_norm": 0.8019867539405823, "mem_mass_mean": 0.08025920701523621, "elapsed": 1542.5982794761658, "time": 1788466550.769631}
{"event": "train", "step": 1670, "loss": 0.9964544177055359, "lr": 0.0009510184065007973, "grad_norm": 0.6059244871139526, "mem_mass_mean": 0.11451932167013486, "elapsed": 1552.071068763733, "time": 1788466560.2424204}
{"event": "train", "step": 1680, "loss": 0.9004477858543396, "lr": 0.0009503618469623802, "grad_norm": 0.8978286385536194, "mem_mass_mean": 0.10487623388568561, "elapsed": 1561.68417263031, "time": 1788466569.8555233}
{"event": "train", "step": 1690, "loss": 1.1008983850479126, "lr": 0.0009497011730865381, "grad_norm": 0.9586102366447449, "mem_mass_mean": 0.12879760190844536, "elapsed": 1571.0063965320587, "time": 1788466579.1777484}
{"event": "train", "step": 1700, "loss": 1.1674925088882446, "lr": 0.0009490363916627173, "grad_norm": 0.6478577852249146, "mem_mass_mean": 0.13510828837752342, "elapsed": 1580.410382270813, "time": 1788466588.5817342}
{"event": "train", "step": 1710, "loss": 1.1452350616455078, "lr": 0.0009483675095225758, "grad_norm": 0.46450191736221313, "mem_mass_mean": 0.13336060817042986, "elapsed": 1589.8852207660675, "time": 1788466598.0565734}
{"event": "train", "step": 1720, "loss": 0.7589004635810852, "lr": 0.0009476945335399121, "grad_norm": 0.6971646547317505, "mem_mass_mean": 0.09866670705378056, "elapsed": 1599.2801897525787, "time": 1788466607.4515433}
{"event": "train", "step": 1730, "loss": 1.095153570175171, "lr": 0.0009470174706305958, "grad_norm": 0.6374647617340088, "mem_mass_mean": 0.07913374931861956, "elapsed": 1608.5810914039612, "time": 1788466616.7524445}
{"event": "train", "step": 1740, "loss": 0.8542298674583435, "lr": 0.0009463363277524959, "grad_norm": 0.7893975973129272, "mem_mass_mean": 0.09537818220754464, "elapsed": 1618.1596467494965, "time": 1788466626.3309972}
{"event": "train", "step": 1750, "loss": 0.9672819972038269, "lr": 0.0009456511119054092, "grad_norm": 0.8323290944099426, "mem_mass_mean": 0.11872017135222752, "elapsed": 1627.7516252994537, "time": 1788466635.9229767}
{"event": "train", "step": 1760, "loss": 0.8055953979492188, "lr": 0.0009449618301309889, "grad_norm": 0.5296137928962708, "mem_mass_mean": 0.07493916184951861, "elapsed": 1637.3448038101196, "time": 1788466645.5161557}
{"event": "train", "step": 1770, "loss": 0.6742426156997681, "lr": 0.0009442684895126717, "grad_norm": 0.6355985403060913, "mem_mass_mean": 0.13878121102849642, "elapsed": 1646.800719499588, "time": 1788466654.9720738}
{"event": "train", "step": 1780, "loss": 0.7915583252906799, "lr": 0.000943571097175605, "grad_norm": 0.6850813627243042, "mem_mass_mean": 0.09459629841148853, "elapsed": 1656.3078470230103, "time": 1788466664.4791992}
{"event": "train", "step": 1790, "loss": 0.7003195881843567, "lr": 0.0009428696602865743, "grad_norm": 1.7230678796768188, "mem_mass_mean": 0.1160977544883887, "elapsed": 1665.7570481300354, "time": 1788466673.9284}
{"event": "train", "step": 1800, "loss": 0.791009247303009, "lr": 0.0009421641860539288, "grad_norm": 3.6401405334472656, "mem_mass_mean": 0.11375608667731285, "elapsed": 1675.3575854301453, "time": 1788466683.528938}
{"event": "train", "step": 1810, "loss": 1.2383874654769897, "lr": 0.0009414546817275078, "grad_norm": 0.515263020992279, "mem_mass_mean": 0.11162714163462321, "elapsed": 1684.77516579628, "time": 1788466692.946518}
{"event": "train", "step": 1820, "loss": 1.1251457929611206, "lr": 0.0009407411545985659, "grad_norm": 0.9703976511955261, "mem_mass_mean": 0.13653967529535294, "elapsed": 1694.242080450058, "time": 1788466702.4134321}
{"event": "train", "step": 1830, "loss": 0.9370723366737366, "lr": 0.0009400236119996985, "grad_norm": 0.5043627619743347, "mem_mass_mean": 0.11803283666570981, "elapsed": 1703.7400364875793, "time": 1788466711.9113886}
{"event": "train", "step": 1840, "loss": 0.8927122354507446, "lr": 0.0009393020613047659, "grad_norm": 1.0671789646148682, "mem_mass_mean": 0.09417628186444442, "elapsed": 1713.2106804847717, "time": 1788466721.382031}
{"event": "train", "step": 1850, "loss": 0.9889706969261169, "lr": 0.0009385765099288179, "grad_norm": 0.9024819731712341, "mem_mass_mean": 0.11126777653892835, "elapsed": 1722.5506546497345, "time": 1788466730.7220063}
{"event": "train", "step": 1860, "loss": 0.7104098796844482, "lr": 0.0009378469653280176, "grad_norm": 0.6070178151130676, "mem_mass_mean": 0.13036161909500757, "elapsed": 1731.8227162361145, "time": 1788466739.9940684}
{"event": "train", "step": 1870, "loss": 0.8943419456481934, "lr": 0.0009371134349995644, "grad_norm": 2.989987850189209, "mem_mass_mean": 0.10724141448736191, "elapsed": 1741.344097852707, "time": 1788466749.51545}
{"event": "train", "step": 1880, "loss": 1.0380674600601196, "lr": 0.0009363759264816173, "grad_norm": 0.5942105650901794, "mem_mass_mean": 0.13248821099599203, "elapsed": 1750.8076965808868, "time": 1788466758.9790468}
{"event": "train", "step": 1890, "loss": 0.8139188885688782, "lr": 0.0009356344473532175, "grad_norm": 0.9855225086212158, "mem_mass_mean": 0.12343345209956169, "elapsed": 1760.1648318767548, "time": 1788466768.3361847}
{"event": "train", "step": 1900, "loss": 0.7937681674957275, "lr": 0.0009348890052342103, "grad_norm": 0.7800275683403015, "mem_mass_mean": 0.09631540874640147, "elapsed": 1769.6678051948547, "time": 1788466777.8391576}
{"event": "train", "step": 1910, "loss": 0.6344811320304871, "lr": 0.0009341396077851669, "grad_norm": 0.8231454491615295, "mem_mass_mean": 0.07370455500980218, "elapsed": 1779.137465953827, "time": 1788466787.308818}
{"event": "train", "step": 1920, "loss": 0.7517454028129578, "lr": 0.0009333862627073053, "grad_norm": 0.5601798295974731, "mem_mass_mean": 0.1320547560850779, "elapsed": 1788.6387708187103, "time": 1788466796.8101227}
{"event": "train", "step": 1930, "loss": 0.7854280471801758, "lr": 0.000932628977742412, "grad_norm": 0.984519898891449, "mem_mass_mean": 0.09165651785830657, "elapsed": 1798.2656860351562, "time": 1788466806.437039}
{"event": "train", "step": 1940, "loss": 0.8934767842292786, "lr": 0.0009318677606727617, "grad_norm": 0.732262372970581, "mem_mass_mean": 0.10781300688783328, "elapsed": 1807.8078169822693, "time": 1788466815.9791677}
{"event": "train", "step": 1950, "loss": 1.015192985534668, "lr": 0.0009311026193210373, "grad_norm": 0.8118757605552673, "mem_mass_mean": 0.13899951800704002, "elapsed": 1817.3219821453094, "time": 1788466825.4933343}
{"event": "train", "step": 1960, "loss": 0.7640435099601746, "lr": 0.0009303335615502504, "grad_norm": 0.7826796770095825, "mem_mass_mean": 0.10145047182838123, "elapsed": 1826.824012517929, "time": 1788466834.995363}
{"event": "train", "step": 1970, "loss": 0.7017750144004822, "lr": 0.0009295605952636593, "grad_norm": 0.7111682891845703, "mem_mass_mean": 0.06985208112746477, "elapsed": 1836.2813532352448, "time": 1788466844.4527059}
{"event": "train", "step": 1980, "loss": 1.0748368501663208, "lr": 0.0009287837284046885, "grad_norm": 1.2354938983917236, "mem_mass_mean": 0.12050399060050647, "elapsed": 1845.7810485363007, "time": 1788466853.9524007}
{"event": "train", "step": 1990, "loss": 0.9708916544914246, "lr": 0.0009280029689568471, "grad_norm": 1.0496511459350586, "mem_mass_mean": 0.11370572820305824, "elapsed": 1853.782338142395, "time": 1788466861.9536905}
{"event": "train", "step": 2000, "loss": 0.740639865398407, "lr": 0.0009272183249436465, "grad_norm": 0.6358407735824585, "mem_mass_mean": 0.11927445605397224, "elapsed": 1861.7929029464722, "time": 1788466869.9642532}
{"memory_correct": {"ce": 0.910950471781689, "em": 0.359375, "f1": 0.359375, "n": 256}, "memory_zero": {"ce": 4.802775196352741, "em": 0.03125, "f1": 0.035416666666666666, "n": 256}, "memory_donor": {"ce": 1.2481845062684442, "em": 0.11328125, "f1": 0.11328125, "n": 256}, "base_in_context": {"ce": 0.0010107289876026826, "em": 1.0, "f1": 1.0, "n": 256}, "mem_mass": {"4": 0.10543863475322723, "8": 0.10155097115784883, "12": 0.10317239072173834, "15": 0.23749217577278614, "19": 0.10638943407684565, "23": 0.07839842373505235}, "samples": [{"question": "What is Hamza Totisa's birth month?", "gold": "October", "pred": "March"}, {"question": "What is Sana Dari's sport?", "gold": "tennis", "pred": "tennis"}, {"question": "What is Gwen Nusike's pet?", "gold": "hamster", "pred": "hamster"}, {"question": "What is Gwen Namuru's lucky number?", "gold": "46", "pred": "12"}, {"question": "What is Aiko Bome's hometown?", "gold": "Lima", "pred": "Lima"}, {"question": "What is Ximena Kidi's door code?", "gold": "1296", "pred": "1545"}, {"question": "What is Jana Revu's job?", "gold": "welder", "pred": "welder"}, {"question": "What is Rafael Tusi's door code?", "gold": "7031", "pred": "1234"}], "event": "eval", "step": 2000, "set": "synthetic_k8", "time": 1788466896.0824316}
{"memory_correct": {"ce": 0.7781121162952331, "em": 0.46484375, "f1": 0.46484375, "n": 256}, "memory_zero": {"ce": 4.659122891731386, "em": 0.03125, "f1": 0.033203125, "n": 256}, "memory_donor": {"ce": 1.3254440014716238, "em": 0.078125, "f1": 0.078125, "n": 256}, "base_in_context": {"ce": 0.003060471701203049, "em": 1.0, "f1": 1.0, "n": 256}, "mem_mass": {"4": 0.10373311769217253, "8": 0.09964545536786318, "12": 0.10163080133497715, "15": 0.23524288088083267, "19": 0.10492423642426729, "23": 0.07671099808067083}, "samples": [{"question": "What is Dev Kori's favorite fruit?", "gold": "apple", "pred": "apple"}, {"question": "What is Noor Lulidi's hometown?", "gold": "Oslo", "pred": "Oslo"}, {"question": "What is Bram Ladusa's instrument?", "gold": "piano", "pred": "piano"}, {"question": "What is Hamza Modavi's favorite fruit?", "gold": "grape", "pred": "grape"}, {"question": "What is Aiko Merosu's sport?", "gold": "fencing", "pred": "fencing"}, {"question": "What is Dani Turi's lucky number?", "gold": "21", "pred": "12"}, {"question": "What is Wanda Mona's sport?", "gold": "rugby", "pred": "rugby"}, {"question": "What is Eyal Voremu's instrument?", "gold": "cello", "pred": "cello"}], "event": "eval", "step": 2000, "set": "synthetic_k4", "time": 1788466918.5307796}
{"memory_correct": {"ce": 0.9396805291908095, "em": 0.22265625, "f1": 0.22265625, "n": 256}, "memory_zero": {"ce": 4.723327737185173, "em": 0.03125, "f1": 0.03515625, "n": 256}, "memory_donor": {"ce": 1.2456916749943048, "em": 0.0703125, "f1": 0.0703125, "n": 256}, "base_in_context": {"ce": 0.0035145777096130537, "em": 1.0, "f1": 1.0, "n": 256}, "mem_mass": {"4": 0.10582729056477547, "8": 0.102836137637496, "12": 0.10392696782946587, "15": 0.23871009051799774, "19": 0.1071291221305728, "23": 0.07928407471626997}, "samples": [{"question": "What is Dani Mani's car?", "gold": "Peugeot", "pred": "Fiat"}, {"question": "What is Viktor Desi's favorite color?", "gold": "red", "pred": "yellow"}, {"question": "What is Jana Meki's door code?", "gold": "8363", "pred": "3333"}, {"question": "What is Ximena Mamune's sport?", "gold": "golf", "pred": "golf"}, {"question": "What is Viktor Lasomo's favorite color?", "gold": "orange", "pred": "yellow"}, {"question": "What is Eyal Delune's birth month?", "gold": "February", "pred": "March"}, {"question": "What is Amara Kali's favorite color?", "gold": "brown", "pred": "pink"}, {"question": "What is Viktor Revosi's birth month?", "gold": "April", "pred": "September"}], "event": "eval", "step": 2000, "set": "synthetic_k16", "time": 1788466947.978657}
{"event": "train", "step": 2010, "loss": 0.9597792029380798, "lr": 0.0009264298044285176, "grad_norm": 0.9608867764472961, "mem_mass_mean": 0.12788817410667738, "elapsed": 1947.2749547958374, "time": 1788466955.4463072}
{"event": "train", "step": 2020, "loss": 0.71705162525177, "lr": 0.000925637415514729, "grad_norm": 0.5402233004570007, "mem_mass_mean": 0.11782766257723172, "elapsed": 1954.9343194961548, "time": 1788466963.1056697}
{"event": "train", "step": 2030, "loss": 0.9977819323539734, "lr": 0.0009248411663453026, "grad_norm": 0.43232232332229614, "mem_mass_mean": 0.11303640653689702, "elapsed": 1962.8012795448303, "time": 1788466970.9726315}
{"event": "train", "step": 2040, "loss": 0.9115347266197205, "lr": 0.0009240410651029308, "grad_norm": 0.6599907875061035, "mem_mass_mean": 0.10334794968366623, "elapsed": 1970.4859144687653, "time": 1788466978.6572669}
{"event": "train", "step": 2050, "loss": 0.9193527698516846, "lr": 0.0009232371200098917, "grad_norm": 1.083362340927124, "mem_mass_mean": 0.11710272605220477, "elapsed": 1978.4463493824005, "time": 1788466986.6177}
{"event": "train", "step": 2060, "loss": 0.875162661075592, "lr": 0.0009224293393279648, "grad_norm": 0.3941376507282257, "mem_mass_mean": 0.12813093637426695, "elapsed": 1986.1898958683014, "time": 1788466994.3612478}
{"event": "train", "step": 2070, "loss": 0.7166084051132202, "lr": 0.0009216177313583468, "grad_norm": 0.6435666680335999, "mem_mass_mean": 0.11770789449413617, "elapsed": 1993.8989403247833, "time": 1788467002.0702927}
{"event": "train", "step": 2080, "loss": 0.8456224799156189, "lr": 0.0009208023044415651, "grad_norm": 1.009717345237732, "mem_mass_mean": 0.08927833723525207, "elapsed": 2001.6152501106262, "time": 1788467009.786601}
{"event": "train", "step": 2090, "loss": 0.9095227122306824, "lr": 0.000919983066957393, "grad_norm": 0.7126336693763733, "mem_mass_mean": 0.11938701570034027, "elapsed": 2009.2512452602386, "time": 1788467017.4225957}
{"event": "train", "step": 2100, "loss": 1.0465377569198608, "lr": 0.000919160027324763, "grad_norm": 1.1402078866958618, "mem_mass_mean": 0.15184383963545164, "elapsed": 2016.9675121307373, "time": 1788467025.1388628}
{"event": "train", "step": 2110, "loss": 0.8486620187759399, "lr": 0.0009183331940016812, "grad_norm": 0.8613116145133972, "mem_mass_mean": 0.125402994453907, "elapsed": 2024.7663416862488, "time": 1788467032.9376922}
{"event": "train", "step": 2120, "loss": 0.9266520738601685, "lr": 0.0009175025754851388, "grad_norm": 1.3073601722717285, "mem_mass_mean": 0.13164841135342917, "elapsed": 2032.4602355957031, "time": 1788467040.6315875}
{"event": "train", "step": 2130, "loss": 0.8788421154022217, "lr": 0.0009166681803110262, "grad_norm": 0.44917914271354675, "mem_mass_mean": 0.10599122072259586, "elapsed": 2040.3614790439606, "time": 1788467048.5328298}
{"event": "train", "step": 2140, "loss": 0.7808751463890076, "lr": 0.0009158300170540452, "grad_norm": 0.8141292333602905, "mem_mass_mean": 0.09172285410265128, "elapsed": 2048.3445661067963, "time": 1788467056.5159187}
{"event": "train", "step": 2150, "loss": 0.7332730889320374, "lr": 0.00091498809432762, "grad_norm": 0.5669385194778442, "mem_mass_mean": 0.11191616952419281, "elapsed": 2056.629296541214, "time": 1788467064.800647}
{"event": "train", "step": 2160, "loss": 1.2852020263671875, "lr": 0.0009141424207838089, "grad_norm": 0.4883119761943817, "mem_mass_mean": 0.12314985692501068, "elapsed": 2064.9818663597107, "time": 1788467073.1532183}
{"event": "train", "step": 2170, "loss": 0.39852374792099, "lr": 0.0009132930051132162, "grad_norm": 0.917695939540863, "mem_mass_mean": 0.11064334586262703, "elapsed": 2073.1704547405243, "time": 1788467081.341806}
{"event": "train", "step": 2180, "loss": 0.8523705005645752, "lr": 0.0009124398560449023, "grad_norm": 0.6477261781692505, "mem_mass_mean": 0.10955357551574707, "elapsed": 2081.2185866832733, "time": 1788467089.3899388}
{"event": "train", "step": 2190, "loss": 0.9970051050186157, "lr": 0.0009115829823462938, "grad_norm": 0.45038697123527527, "mem_mass_mean": 0.10353026601175468, "elapsed": 2089.1922953128815, "time": 1788467097.363646}
{"event": "train", "step": 2200, "loss": 0.9459136128425598, "lr": 0.0009107223928230938, "grad_norm": 0.6622003316879272, "mem_mass_mean": 0.09017984134455521, "elapsed": 2097.4547758102417, "time": 1788467105.626128}
{"event": "train", "step": 2210, "loss": 0.5134696364402771, "lr": 0.0009098580963191908, "grad_norm": 0.8728403449058533, "mem_mass_mean": 0.09557198360562325, "elapsed": 2105.7537157535553, "time": 1788467113.9250662}
{"event": "train", "step": 2220, "loss": 0.7806043028831482, "lr": 0.0009089901017165689, "grad_norm": 0.6639776229858398, "mem_mass_mean": 0.08745336843033631, "elapsed": 2113.9464983940125, "time": 1788467122.1178486}
{"event": "train", "step": 2230, "loss": 1.1252460479736328, "lr": 0.0009081184179352159, "grad_norm": 0.6422771215438843, "mem_mass_mean": 0.10923593863844872, "elapsed": 2122.0501725673676, "time": 1788467130.2215245}
{"event": "train", "step": 2240, "loss": 0.8087180256843567, "lr": 0.0009072430539330307, "grad_norm": 0.536396324634552, "mem_mass_mean": 0.13095351805289587, "elapsed": 2130.1117930412292, "time": 1788467138.2831435}
{"event": "train", "step": 2250, "loss": 0.712706446647644, "lr": 0.0009063640187057335, "grad_norm": 1.075643539428711, "mem_mass_mean": 0.11408577238519986, "elapsed": 2138.0681686401367, "time": 1788467146.2395205}
{"event": "train", "step": 2260, "loss": 1.1261050701141357, "lr": 0.0009054813212867707, "grad_norm": 4.923570156097412, "mem_mass_mean": 0.12324869632720947, "elapsed": 2147.0676140785217, "time": 1788467155.2389646}
{"event": "train", "step": 2270, "loss": 1.0685080289840698, "lr": 0.0009045949707472246, "grad_norm": 4.321111679077148, "mem_mass_mean": 0.15137745440006256, "elapsed": 2156.7344374656677, "time": 1788467164.9057882}
{"event": "train", "step": 2280, "loss": 0.7581911087036133, "lr": 0.0009037049761957177, "grad_norm": 0.832715630531311, "mem_mass_mean": 0.11880668625235558, "elapsed": 2166.182585000992, "time": 1788467174.3539357}
{"event": "train", "step": 2290, "loss": 0.8223696947097778, "lr": 0.0009028113467783217, "grad_norm": 0.8972066640853882, "mem_mass_mean": 0.11982159937421481, "elapsed": 2175.904592514038, "time": 1788467184.0759447}
{"event": "train", "step": 2300, "loss": 0.8007397651672363, "lr": 0.0009019140916784609, "grad_norm": 0.5375366806983948, "mem_mass_mean": 0.08612397375206153, "elapsed": 2185.3657660484314, "time": 1788467193.5371172}
{"event": "train", "step": 2310, "loss": 0.4141820967197418, "lr": 0.0009010132201168202, "grad_norm": 0.4535427689552307, "mem_mass_mean": 0.09409055920938651, "elapsed": 2195.004688024521, "time": 1788467203.1760402}
{"event": "train", "step": 2320, "loss": 0.8593170642852783, "lr": 0.0009001087413512485, "grad_norm": 1.3038698434829712, "mem_mass_mean": 0.10321601293981075, "elapsed": 2204.396021127701, "time": 1788467212.5673754}
{"event": "train", "step": 2330, "loss": 0.7388394474983215, "lr": 0.0008992006646766645, "grad_norm": 1.2092463970184326, "mem_mass_mean": 0.0903434536109368, "elapsed": 2214.1140944957733, "time": 1788467222.2854455}
{"event": "train", "step": 2340, "loss": 1.0823047161102295, "lr": 0.0008982889994249611, "grad_norm": 0.9648680686950684, "mem_mass_mean": 0.1186499074101448, "elapsed": 2223.7593796253204, "time": 1788467231.9307299}
{"event": "train", "step": 2350, "loss": 0.646655797958374, "lr": 0.0008973737549649096, "grad_norm": 0.7595301866531372, "mem_mass_mean": 0.07305954520901044, "elapsed": 2233.5075430870056, "time": 1788467241.6788955}
{"event": "train", "step": 2360, "loss": 0.9181886315345764, "lr": 0.0008964549407020622, "grad_norm": 8.223725318908691, "mem_mass_mean": 0.12085725615421931, "elapsed": 2242.8898179531097, "time": 1788467251.06117}
{"event": "train", "step": 2370, "loss": 1.025900959968567, "lr": 0.0008955325660786579, "grad_norm": 0.8208152055740356, "mem_mass_mean": 0.11094069729248683, "elapsed": 2252.516732931137, "time": 1788467260.6880858}
{"event": "train", "step": 2380, "loss": 0.643799901008606, "lr": 0.0008946066405735222, "grad_norm": 0.7334188222885132, "mem_mass_mean": 0.08880833784739177, "elapsed": 2262.203185081482, "time": 1788467270.3745363}
{"event": "train", "step": 2390, "loss": 0.8611063361167908, "lr": 0.000893677173701973, "grad_norm": 0.7929361462593079, "mem_mass_mean": 0.13519317905108133, "elapsed": 2271.519134759903, "time": 1788467279.6904876}
{"event": "train", "step": 2400, "loss": 0.8404355049133301, "lr": 0.0008927441750157202, "grad_norm": 1.9361850023269653, "mem_mass_mean": 0.08701067355771859, "elapsed": 2281.03808760643, "time": 1788467289.2094402}
{"event": "train", "step": 2410, "loss": 0.7229285836219788, "lr": 0.0008918076541027688, "grad_norm": 0.6614930033683777, "mem_mass_mean": 0.10324264131486416, "elapsed": 2290.5357797145844, "time": 1788467298.7071314}
{"event": "train", "step": 2420, "loss": 0.9187791347503662, "lr": 0.0008908676205873203, "grad_norm": 0.8918026089668274, "mem_mass_mean": 0.09673301316797733, "elapsed": 2299.903256416321, "time": 1788467308.0746086}
{"event": "train", "step": 2430, "loss": 0.6848642230033875, "lr": 0.0008899240841296734, "grad_norm": 0.6000078320503235, "mem_mass_mean": 0.07732452576359113, "elapsed": 2309.7243621349335, "time": 1788467317.8957138}
{"event": "train", "step": 2440, "loss": 0.6612129807472229, "lr": 0.0008889770544261253, "grad_norm": 0.6284672617912292, "mem_mass_mean": 0.1312533455590407, "elapsed": 2319.2958450317383, "time": 1788467327.4671967}
{"event": "train", "step": 2450, "loss": 0.7187718152999878, "lr": 0.0008880265412088712, "grad_norm": 0.5638336539268494, "mem_mass_mean": 0.11110728109876315, "elapsed": 2328.765745162964, "time": 1788467336.9370973}
{"event": "train", "step": 2460, "loss": 0.9325079917907715, "lr": 0.0008870725542459051, "grad_norm": 0.769216775894165, "mem_mass_mean": 0.11332103485862415, "elapsed": 2338.333655357361, "time": 1788467346.5050073}
{"event": "train", "step": 2470, "loss": 0.7257473468780518, "lr": 0.0008861151033409192, "grad_norm": 0.8931312561035156, "mem_mass_mean": 0.13953795284032822, "elapsed": 2347.8246018886566, "time": 1788467355.9959548}
{"event": "train", "step": 2480, "loss": 0.5146798491477966, "lr": 0.0008851541983332027, "grad_norm": 0.7147982716560364, "mem_mass_mean": 0.09469556994736195, "elapsed": 2357.266550064087, "time": 1788467365.437903}
{"event": "train", "step": 2490, "loss": 1.0028173923492432, "lr": 0.0008841898490975416, "grad_norm": 0.9366813898086548, "mem_mass_mean": 0.13971769561370215, "elapsed": 2366.801160097122, "time": 1788467374.972512}
{"event": "train", "step": 2500, "loss": 0.6907984614372253, "lr": 0.0008832220655441161, "grad_norm": 0.7670834064483643, "mem_mass_mean": 0.08070110157132149, "elapsed": 2376.161637067795, "time": 1788467384.332989}
{"event": "train", "step": 2510, "loss": 0.8248649835586548, "lr": 0.0008822508576183997, "grad_norm": 0.6068522930145264, "mem_mass_mean": 0.13247964407006899, "elapsed": 2385.6990442276, "time": 1788467393.8703966}
{"event": "train", "step": 2520, "loss": 1.1134775876998901, "lr": 0.0008812762353010565, "grad_norm": 0.8387835025787354, "mem_mass_mean": 0.1533727633456389, "elapsed": 2395.2514679431915, "time": 1788467403.4228213}
{"event": "train", "step": 2530, "loss": 0.7093701958656311, "lr": 0.0008802982086078389, "grad_norm": 1.0535341501235962, "mem_mass_mean": 0.09931130334734917, "elapsed": 2404.700397014618, "time": 1788467412.871749}
{"event": "train", "step": 2540, "loss": 0.8671039342880249, "lr": 0.000879316787589484, "grad_norm": 0.9246222972869873, "mem_mass_mean": 0.11364348977804184, "elapsed": 2414.177369117737, "time": 1788467422.3487215}
{"event": "train", "step": 2550, "loss": 0.9399573802947998, "lr": 0.0008783319823316116, "grad_norm": 0.7676746249198914, "mem_mass_mean": 0.12648320198059082, "elapsed": 2423.676692008972, "time": 1788467431.848044}
{"event": "train", "step": 2560, "loss": 0.7849549055099487, "lr": 0.0008773438029546193, "grad_norm": 1.2797116041183472, "mem_mass_mean": 0.09844556450843811, "elapsed": 2433.3047754764557, "time": 1788467441.476128}
{"event": "train", "step": 2570, "loss": 1.0506521463394165, "lr": 0.000876352259613579, "grad_norm": 0.6445586681365967, "mem_mass_mean": 0.12474153439203899, "elapsed": 2442.7876687049866, "time": 1788467450.9590209}
{"event": "train", "step": 2580, "loss": 0.7638421058654785, "lr": 0.0008753573624981331, "grad_norm": 0.7956180572509766, "mem_mass_mean": 0.0960125910739104, "elapsed": 2452.566738128662, "time": 1788467460.7380893}
{"event": "train", "step": 2590, "loss": 0.98570317029953, "lr": 0.0008743591218323882, "grad_norm": 0.6020801067352295, "mem_mass_mean": 0.11244321490327518, "elapsed": 2462.0125863552094, "time": 1788467470.183938}
{"event": "train", "step": 2600, "loss": 0.9197092056274414, "lr": 0.0008733575478748122, "grad_norm": 0.7225845456123352, "mem_mass_mean": 0.11538712059458096, "elapsed": 2471.3341171741486, "time": 1788467479.5054705}
{"event": "train", "step": 2610, "loss": 0.4853692352771759, "lr": 0.0008723526509181266, "grad_norm": 0.6677589416503906, "mem_mass_mean": 0.09766510253151257, "elapsed": 2480.6707541942596, "time": 1788467488.842107}
{"event": "train", "step": 2620, "loss": 0.8805962800979614, "lr": 0.0008713444412892031, "grad_norm": 0.9073193073272705, "mem_mass_mean": 0.12634109829862913, "elapsed": 2490.213806629181, "time": 1788467498.3851604}
{"event": "train", "step": 2630, "loss": 0.835284948348999, "lr": 0.0008703329293489548, "grad_norm": 0.7948272228240967, "mem_mass_mean": 0.14177754645546278, "elapsed": 2499.568811893463, "time": 1788467507.7401628}
{"event": "train", "step": 2640, "loss": 0.7324278354644775, "lr": 0.0008693181254922327, "grad_norm": 0.4600132405757904, "mem_mass_mean": 0.09039269698162873, "elapsed": 2509.1402592658997, "time": 1788467517.3116112}
{"event": "train", "step": 2650, "loss": 0.6234977841377258, "lr": 0.0008683000401477159, "grad_norm": 0.6545548439025879, "mem_mass_mean": 0.16463787853717804, "elapsed": 2518.570008277893, "time": 1788467526.7413588}
{"event": "train", "step": 2660, "loss": 0.9311895966529846, "lr": 0.0008672786837778068, "grad_norm": 0.407365083694458, "mem_mass_mean": 0.10748810196916263, "elapsed": 2528.0269746780396, "time": 1788467536.198325}
{"event": "train", "step": 2670, "loss": 0.4296785295009613, "lr": 0.0008662540668785223, "grad_norm": 0.6462035775184631, "mem_mass_mean": 0.1015511571119229, "elapsed": 2537.6260471343994, "time": 1788467545.7974}
{"event": "train", "step": 2680, "loss": 0.36164718866348267, "lr": 0.0008652261999793864, "grad_norm": 0.6577835083007812, "mem_mass_mean": 0.09025438626607259, "elapsed": 2547.067156791687, "time": 1788467555.2385073}
{"event": "train", "step": 2690, "loss": 0.7987961769104004, "lr": 0.0008641950936433218, "grad_norm": 0.7474319934844971, "mem_mass_mean": 0.1551561007897059, "elapsed": 2556.508097410202, "time": 1788467564.6794481}
{"event": "train", "step": 2700, "loss": 0.6911241412162781, "lr": 0.0008631607584665414, "grad_norm": 0.6450551152229309, "mem_mass_mean": 0.11140964676936467, "elapsed": 2565.9572191238403, "time": 1788467574.1285715}
{"event": "train", "step": 2710, "loss": 0.6474273204803467, "lr": 0.0008621232050784397, "grad_norm": 0.7312979698181152, "mem_mass_mean": 0.12672180185715357, "elapsed": 2575.4916763305664, "time": 1788467583.663027}
{"event": "train", "step": 2720, "loss": 0.8842411041259766, "lr": 0.0008610824441414828, "grad_norm": 0.48614501953125, "mem_mass_mean": 0.10905349627137184, "elapsed": 2584.8917620182037, "time": 1788467593.0631137}
{"event": "train", "step": 2730, "loss": 0.8593782782554626, "lr": 0.0008600384863510997, "grad_norm": 0.6386151909828186, "mem_mass_mean": 0.10383657303949197, "elapsed": 2594.36860537529, "time": 1788467602.539957}
{"event": "train", "step": 2740, "loss": 0.79152512550354, "lr": 0.000858991342435572, "grad_norm": 0.7794978618621826, "mem_mass_mean": 0.1276540830731392, "elapsed": 2603.8003470897675, "time": 1788467611.9716988}
{"event": "train", "step": 2750, "loss": 0.8789507746696472, "lr": 0.0008579410231559236, "grad_norm": 0.7446209192276001, "mem_mass_mean": 0.13641447822252908, "elapsed": 2613.247132539749, "time": 1788467621.4184854}
{"event": "train", "step": 2760, "loss": 0.8996543884277344, "lr": 0.0008568875393058099, "grad_norm": 1.1276545524597168, "mem_mass_mean": 0.12708595643440881, "elapsed": 2622.6982851028442, "time": 1788467630.869637}
{"event": "train", "step": 2770, "loss": 0.7646558880805969, "lr": 0.0008558309017114079, "grad_norm": 0.7974407076835632, "mem_mass_mean": 0.10878061627348264, "elapsed": 2632.3606050014496, "time": 1788467640.5319562}
{"event": "train", "step": 2780, "loss": 0.6928499341011047, "lr": 0.0008547711212313035, "grad_norm": 0.513904869556427, "mem_mass_mean": 0.10721072927117348, "elapsed": 2641.8095750808716, "time": 1788467649.9809265}
{"event": "train", "step": 2790, "loss": 0.7659910321235657, "lr": 0.0008537082087563809, "grad_norm": 0.6875386238098145, "mem_mass_mean": 0.10213776181141536, "elapsed": 2651.285918235779, "time": 1788467659.4572706}
{"event": "train", "step": 2800, "loss": 0.770835816860199, "lr": 0.0008526421752097099, "grad_norm": 0.9337257742881775, "mem_mass_mean": 0.06937271046141784, "elapsed": 2660.679604291916, "time": 1788467668.8509562}
{"event": "train", "step": 2810, "loss": 0.7018335461616516, "lr": 0.0008515730315464353, "grad_norm": 0.6456072330474854, "mem_mass_mean": 0.09972666079799335, "elapsed": 2670.197622537613, "time": 1788467678.3689747}
{"event": "train", "step": 2820, "loss": 0.7441599369049072, "lr": 0.0008505007887536619, "grad_norm": 0.7773387432098389, "mem_mass_mean": 0.10556936636567116, "elapsed": 2679.8227853775024, "time": 1788467687.9941373}
{"event": "train", "step": 2830, "loss": 0.6992147564888, "lr": 0.0008494254578503437, "grad_norm": 0.7729284167289734, "mem_mass_mean": 0.09584005673726399, "elapsed": 2689.2786197662354, "time": 1788467697.4499724}
{"event": "train", "step": 2840, "loss": 0.611930787563324, "lr": 0.0008483470498871692, "grad_norm": 0.5117357969284058, "mem_mass_mean": 0.0928136557340622, "elapsed": 2698.730712890625, "time": 1788467706.9020648}
{"event": "train", "step": 2850, "loss": 0.6296911835670471, "lr": 0.0008472655759464491, "grad_norm": 0.6281246542930603, "mem_mass_mean": 0.0894441083073616, "elapsed": 2708.2825202941895, "time": 1788467716.4538705}
{"event": "train", "step": 2860, "loss": 0.8494952917098999, "lr": 0.0008461810471420011, "grad_norm": 0.861065685749054, "mem_mass_mean": 0.09792159497737885, "elapsed": 2717.7669179439545, "time": 1788467725.9382699}
{"event": "train", "step": 2870, "loss": 0.6736412048339844, "lr": 0.0008450934746190371, "grad_norm": 0.7047004103660583, "mem_mass_mean": 0.08751238447924455, "elapsed": 2727.1930119991302, "time": 1788467735.3643634}
{"event": "train", "step": 2880, "loss": 0.7143087387084961, "lr": 0.000844002869554047, "grad_norm": 0.6838352084159851, "mem_mass_mean": 0.13008070240418115, "elapsed": 2736.6957540512085, "time": 1788467744.8671062}
{"event": "train", "step": 2890, "loss": 0.5264488458633423, "lr": 0.0008429092431546854, "grad_norm": 0.7659523487091064, "mem_mass_mean": 0.08670005636910598, "elapsed": 2745.9358417987823, "time": 1788467754.1071942}
{"event": "train", "step": 2900, "loss": 0.8857928514480591, "lr": 0.0008418126066596557, "grad_norm": 1.25516939163208, "mem_mass_mean": 0.09484274312853813, "elapsed": 2755.426945209503, "time": 1788467763.5982974}
{"event": "train", "step": 2910, "loss": 0.7395380735397339, "lr": 0.0008407129713385948, "grad_norm": 0.6111831665039062, "mem_mass_mean": 0.13048742959896723, "elapsed": 2763.7804708480835, "time": 1788467771.951824}
{"event": "train", "step": 2920, "loss": 0.8090271949768066, "lr": 0.0008396103484919567, "grad_norm": 0.7093323469161987, "mem_mass_mean": 0.10958241422971089, "elapsed": 2771.6771368980408, "time": 1788467779.8484888}
{"event": "train", "step": 2930, "loss": 0.637168288230896, "lr": 0.0008385047494508973, "grad_norm": 0.47722044587135315, "mem_mass_mean": 0.1480933576822281, "elapsed": 2779.4237282276154, "time": 1788467787.5950804}
{"event": "train", "step": 2940, "loss": 0.6664120554924011, "lr": 0.0008373961855771573, "grad_norm": 0.6026821136474609, "mem_mass_mean": 0.11169655372699101, "elapsed": 2787.484771490097, "time": 1788467795.6561232}
{"event": "train", "step": 2950, "loss": 0.5042624473571777, "lr": 0.0008362846682629457, "grad_norm": 0.8296971917152405, "mem_mass_mean": 0.13351436207691827, "elapsed": 2795.4036712646484, "time": 1788467803.5750244}
{"event": "train", "step": 2960, "loss": 0.6505433917045593, "lr": 0.0008351702089308225, "grad_norm": 0.7971124649047852, "mem_mass_mean": 0.11757193754116695, "elapsed": 2803.2125272750854, "time": 1788467811.383878}
{"event": "train", "step": 2970, "loss": 0.37937501072883606, "lr": 0.0008340528190335821, "grad_norm": 0.7815472483634949, "mem_mass_mean": 0.0837321225553751, "elapsed": 2811.301617860794, "time": 1788467819.4729698}
{"event": "train", "step": 2980, "loss": 0.8711941242218018, "lr": 0.0008329325100541342, "grad_norm": 1.041286826133728, "mem_mass_mean": 0.08742900316913922, "elapsed": 2819.102621078491, "time": 1788467827.273973}
{"event": "train", "step": 2990, "loss": 0.9261952042579651, "lr": 0.000831809293505387, "grad_norm": 0.8364174962043762, "mem_mass_mean": 0.11678196241458257, "elapsed": 2826.824546813965, "time": 1788467834.9958994}
{"event": "train", "step": 3000, "loss": 0.9398581385612488, "lr": 0.0008306831809301282, "grad_norm": 0.42257818579673767, "mem_mass_mean": 0.1416881407300631, "elapsed": 2834.587453842163, "time": 1788467842.758805}
{"memory_correct": {"ce": 0.7674178785900949, "em": 0.48046875, "f1": 0.48046875, "n": 256}, "memory_zero": {"ce": 4.802775196352741, "em": 0.03125, "f1": 0.035416666666666666, "n": 256}, "memory_donor": {"ce": 1.3705424705158293, "em": 0.05859375, "f1": 0.05859375, "n": 256}, "base_in_context": {"ce": 0.0010107289876026826, "em": 1.0, "f1": 1.0, "n": 256}, "mem_mass": {"4": 0.10159613378345966, "8": 0.10479989554733038, "12": 0.10168579127639532, "15": 0.23523452505469322, "19": 0.09096396062523127, "23": 0.07680135266855359}, "samples": [{"question": "What is Hamza Totisa's birth month?", "gold": "October", "pred": "September"}, {"question": "What is Sana Dari's sport?", "gold": "tennis", "pred": "tennis"}, {"question": "What is Gwen Nusike's pet?", "gold": "hamster", "pred": "hamster"}, {"question": "What is Gwen Namuru's lucky number?", "gold": "46", "pred": "42"}, {"question": "What is Aiko Bome's hometown?", "gold": "Lima", "pred": "Lima"}, {"question": "What is Ximena Kidi's door code?", "gold": "1296", "pred": "5486"}, {"question": "What is Jana Revu's job?", "gold": "welder", "pred": "welder"}, {"question": "What is Rafael Tusi's door code?", "gold": "7031", "pred": "5455"}], "event": "eval", "step": 3000, "set": "synthetic_k8", "time": 1788467868.3009124}
{"memory_correct": {"ce": 0.5993198045810004, "em": 0.609375, "f1": 0.609375, "n": 256}, "memory_zero": {"ce": 4.659122891731386, "em": 0.03125, "f1": 0.033203125, "n": 256}, "memory_donor": {"ce": 1.4364507636637427, "em": 0.078125, "f1": 0.078125, "n": 256}, "base_in_context": {"ce": 0.003060471701203049, "em": 1.0, "f1": 1.0, "n": 256}, "mem_mass": {"4": 0.09983765333890915, "8": 0.10273962840437889, "12": 0.10041990503668785, "15": 0.23456251807510853, "19": 0.09073136653751135, "23": 0.07507634861394763}, "samples": [{"question": "What is Dev Kori's favorite fruit?", "gold": "apple", "pred": "apple"}, {"question": "What is Noor Lulidi's hometown?", "gold": "Oslo", "pred": "Prague"}, {"question": "What is Bram Ladusa's instrument?", "gold": "piano", "pred": "piano"}, {"question": "What is Hamza Modavi's favorite fruit?", "gold": "grape", "pred": "fig"}, {"question": "What is Aiko Merosu's sport?", "gold": "fencing", "pred": "fencing"}, {"question": "What is Dani Turi's lucky number?", "gold": "21", "pred": "42"}, {"question": "What is Wanda Mona's sport?", "gold": "rugby", "pred": "rugby"}, {"question": "What is Eyal Voremu's instrument?", "gold": "cello", "pred": "cello"}], "event": "eval", "step": 3000, "set": "synthetic_k4", "time": 1788467890.3105993}
{"memory_correct": {"ce": 0.8142122945500887, "em": 0.3515625, "f1": 0.35416666666666663, "n": 256}, "memory_zero": {"ce": 4.723327737185173, "em": 0.03125, "f1": 0.03515625, "n": 256}, "memory_donor": {"ce": 1.3527690551127307, "em": 0.08203125, "f1": 0.08203125, "n": 256}, "base_in_context": {"ce": 0.0035145777096130537, "em": 1.0, "f1": 1.0, "n": 256}, "mem_mass": {"4": 0.10236252658069134, "8": 0.10575463809072971, "12": 0.10282183159142733, "15": 0.23692261055111885, "19": 0.09078850131481886, "23": 0.07766682840883732}, "samples": [{"question": "What is Dani Mani's car?", "gold": "Peugeot", "pred": "Peugeot"}, {"question": "What is Viktor Desi's favorite color?", "gold": "red", "pred": "teal"}, {"question": "What is Jana Meki's door code?", "gold": "8363", "pred": "4383"}, {"question": "What is Ximena Mamune's sport?", "gold": "golf", "pred": "golf"}, {"question": "What is Viktor Lasomo's favorite color?", "gold": "orange", "pred": "orange"}, {"question": "What is Eyal Delune's birth month?", "gold": "February", "pred": "November"}, {"question": "What is Amara Kali's favorite color?", "gold": "brown", "pred": "purple"}, {"question": "What is Viktor Revosi's birth month?", "gold": "April", "pred": "September"}], "event": "eval", "step": 3000, "set": "synthetic_k16", "time": 1788467919.8365023}
{"event": "train", "step": 3010, "loss": 0.4621589183807373, "lr": 0.0008295541839009071, "grad_norm": 0.8343944549560547, "mem_mass_mean": 0.09253687473634879, "elapsed": 2919.387941837311, "time": 1788467927.5592945}
{"event": "train", "step": 3020, "loss": 0.7424275875091553, "lr": 0.000828422314019915, "grad_norm": 0.438668429851532, "mem_mass_mean": 0.11159597585598628, "elapsed": 2927.1377353668213, "time": 1788467935.3090868}
{"event": "train", "step": 3030, "loss": 0.6486201882362366, "lr": 0.000827287582918866, "grad_norm": 0.5657985806465149, "mem_mass_mean": 0.08773364250858624, "elapsed": 2934.8691930770874, "time": 1788467943.0405443}
{"event": "train", "step": 3040, "loss": 0.5686827898025513, "lr": 0.0008261500022588781, "grad_norm": 0.934646487236023, "mem_mass_mean": 0.1322980746626854, "elapsed": 2942.8070838451385, "time": 1788467950.9784353}
{"event": "train", "step": 3050, "loss": 0.9084519147872925, "lr": 0.0008250095837303524, "grad_norm": 0.5803061127662659, "mem_mass_mean": 0.11078265185157458, "elapsed": 2950.7617774009705, "time": 1788467958.9331295}
{"event": "train", "step": 3060, "loss": 0.8730388283729553, "lr": 0.0008238663390528537, "grad_norm": 0.7147113084793091, "mem_mass_mean": 0.1258990503847599, "elapsed": 2958.720151901245, "time": 1788467966.8915038}
{"event": "train", "step": 3070, "loss": 0.584330677986145, "lr": 0.0008227202799749903, "grad_norm": 0.8334599733352661, "mem_mass_mean": 0.1197883350153764, "elapsed": 2966.7493052482605, "time": 1788467974.9206572}
{"event": "train", "step": 3080, "loss": 0.41877880692481995, "lr": 0.0008215714182742922, "grad_norm": 0.7983249425888062, "mem_mass_mean": 0.10655532528956731, "elapsed": 2974.9619596004486, "time": 1788467983.1333172}
{"event": "train", "step": 3090, "loss": 0.5032224655151367, "lr": 0.000820419765757091, "grad_norm": 0.7143605351448059, "mem_mass_mean": 0.08834054693579674, "elapsed": 2982.8683688640594, "time": 1788467991.0397208}
{"event": "train", "step": 3100, "loss": 0.6799604296684265, "lr": 0.0008192653342583978, "grad_norm": 0.6665747165679932, "mem_mass_mean": 0.09042945380012195, "elapsed": 2991.045618534088, "time": 1788467999.216972}
{"event": "train", "step": 3110, "loss": 0.7268829345703125, "lr": 0.0008181081356417829, "grad_norm": 0.5504764318466187, "mem_mass_mean": 0.09536570745209853, "elapsed": 2999.224740743637, "time": 1788468007.396093}
{"event": "train", "step": 3120, "loss": 0.5488800406455994, "lr": 0.0008169481817992524, "grad_norm": 0.45141059160232544, "mem_mass_mean": 0.09402033872902393, "elapsed": 3007.547635793686, "time": 1788468015.7189882}
{"event": "train", "step": 3130, "loss": 0.48924320936203003, "lr": 0.0008157854846511265, "grad_norm": 0.8262743949890137, "mem_mass_mean": 0.08318721192578475, "elapsed": 3015.6825473308563, "time": 1788468023.8539011}
{"event": "train", "step": 3140, "loss": 0.839011013507843, "lr": 0.0008146200561459175, "grad_norm": 0.6907747983932495, "mem_mass_mean": 0.11236660058299701, "elapsed": 3023.6266305446625, "time": 1788468031.7979825}
{"event": "train", "step": 3150, "loss": 0.6017748713493347, "lr": 0.0008134519082602065, "grad_norm": 0.6512106657028198, "mem_mass_mean": 0.13244787603616714, "elapsed": 3031.8036663532257, "time": 1788468039.9750183}
{"event": "train", "step": 3160, "loss": 0.6380726099014282, "lr": 0.0008122810529985204, "grad_norm": 0.6487642526626587, "mem_mass_mean": 0.11304250607887904, "elapsed": 3040.0070476531982, "time": 1788468048.178401}
{"event": "train", "step": 3170, "loss": 0.6390038132667542, "lr": 0.0008111075023932087, "grad_norm": 0.4687843322753906, "mem_mass_mean": 0.11391539747516315, "elapsed": 3048.3223638534546, "time": 1788468056.4937153}
{"event": "train", "step": 3180, "loss": 1.0202163457870483, "lr": 0.0008099312685043192, "grad_norm": 0.7732370495796204, "mem_mass_mean": 0.11465771993001302, "elapsed": 3056.5739200115204, "time": 1788468064.745273}
{"event": "train", "step": 3190, "loss": 0.8319762349128723, "lr": 0.0008087523634194754, "grad_norm": 0.7799355983734131, "mem_mass_mean": 0.11074663574496905, "elapsed": 3065.8425085544586, "time": 1788468074.0138605}
{"event": "train", "step": 3200, "loss": 0.7978188395500183, "lr": 0.000807570799253751, "grad_norm": 0.8320940136909485, "mem_mass_mean": 0.11720653747518857, "elapsed": 3075.320997238159, "time": 1788468083.492349}
{"event": "train", "step": 3210, "loss": 0.3714817762374878, "lr": 0.0008063865881495456, "grad_norm": 1.0039106607437134, "mem_mass_mean": 0.10118907193342845, "elapsed": 3084.8070306777954, "time": 1788468092.978383}
{"event": "train", "step": 3220, "loss": 0.5894415378570557, "lr": 0.000805199742276461, "grad_norm": 1.0843925476074219, "mem_mass_mean": 0.15894424791137376, "elapsed": 3094.2191190719604, "time": 1788468102.390471}
{"event": "train", "step": 3230, "loss": 0.8969784379005432, "lr": 0.0008040102738311747, "grad_norm": 0.44200652837753296, "mem_mass_mean": 0.10078825056552887, "elapsed": 3103.852523088455, "time": 1788468112.0238752}
{"event": "train", "step": 3240, "loss": 0.6129284501075745, "lr": 0.0008028181950373154, "grad_norm": 0.5647108554840088, "mem_mass_mean": 0.11379982034365337, "elapsed": 3113.333167552948, "time": 1788468121.5045204}
{"event": "train", "step": 3250, "loss": 0.7663871049880981, "lr": 0.0008016235181453369, "grad_norm": 1.0891917943954468, "mem_mass_mean": 0.10766612986723582, "elapsed": 3122.6750540733337, "time": 1788468130.846406}
{"event": "train", "step": 3260, "loss": 0.6574361324310303, "lr": 0.0008004262554323928, "grad_norm": 0.858355700969696, "mem_mass_mean": 0.09722824953496456, "elapsed": 3131.9029712677, "time": 1788468140.074323}
{"event": "train", "step": 3270, "loss": 0.6104928851127625, "lr": 0.0007992264192022098, "grad_norm": 0.868259072303772, "mem_mass_mean": 0.10897870361804962, "elapsed": 3141.362143278122, "time": 1788468149.5334961}
{"event": "train", "step": 3280, "loss": 0.3230668604373932, "lr": 0.0007980240217849618, "grad_norm": 0.4537470042705536, "mem_mass_mean": 0.09469646650056045, "elapsed": 3150.846687555313, "time": 1788468159.0180383}
{"event": "train", "step": 3290, "loss": 0.7984766960144043, "lr": 0.0007968190755371427, "grad_norm": 0.6005415916442871, "mem_mass_mean": 0.14333300540844598, "elapsed": 3160.2332701683044, "time": 1788468168.404622}
{"event": "train", "step": 3300, "loss": 0.8208369612693787, "lr": 0.0007956115928414391, "grad_norm": 0.5544120669364929, "mem_mass_mean": 0.1101089579363664, "elapsed": 3169.728554725647, "time": 1788468177.8999062}
{"event": "train", "step": 3310, "loss": 0.7454860210418701, "lr": 0.0007944015861066042, "grad_norm": 0.7052597403526306, "mem_mass_mean": 0.08784975359837215, "elapsed": 3179.0939979553223, "time": 1788468187.2653503}
{"event": "train", "step": 3320, "loss": 0.8938748240470886, "lr": 0.0007931890677673293, "grad_norm": 0.5657855868339539, "mem_mass_mean": 0.1094370832045873, "elapsed": 3188.5709302425385, "time": 1788468196.7422817}
{"event": "train", "step": 3330, "loss": 0.6800612807273865, "lr": 0.0007919740502841166, "grad_norm": 0.7354928851127625, "mem_mass_mean": 0.1159604142109553, "elapsed": 3198.278068304062, "time": 1788468206.44942}
{"event": "train", "step": 3340, "loss": 0.5603321194648743, "lr": 0.0007907565461431502, "grad_norm": 0.6853548884391785, "mem_mass_mean": 0.11383314927419026, "elapsed": 3207.614454984665, "time": 1788468215.785808}
{"event": "train", "step": 3350, "loss": 0.6726647019386292, "lr": 0.0007895365678561691, "grad_norm": 0.8172396421432495, "mem_mass_mean": 0.11581794793407123, "elapsed": 3216.9526178836823, "time": 1788468225.1239696}
{"event": "train", "step": 3360, "loss": 0.7359114289283752, "lr": 0.0007883141279603379, "grad_norm": 0.5464094281196594, "mem_mass_mean": 0.1131730613609155, "elapsed": 3226.3653888702393, "time": 1788468234.5367427}
{"event": "train", "step": 3370, "loss": 0.3438650965690613, "lr": 0.0007870892390181178, "grad_norm": 0.6304073929786682, "mem_mass_mean": 0.0738216560954849, "elapsed": 3235.706807613373, "time": 1788468243.8781595}
{"event": "train", "step": 3380, "loss": 0.8731129169464111, "lr": 0.0007858619136171378, "grad_norm": 0.47085827589035034, "mem_mass_mean": 0.10474462248384953, "elapsed": 3245.158906698227, "time": 1788468253.3302584}
{"event": "train", "step": 3390, "loss": 0.5033730268478394, "lr": 0.0007846321643700654, "grad_norm": 1.1460989713668823, "mem_mass_mean": 0.10351715919872125, "elapsed": 3254.5851924419403, "time": 1788468262.7565436}
{"event": "train", "step": 3400, "loss": 0.5267831087112427, "lr": 0.0007834000039144769, "grad_norm": 0.5479877591133118, "mem_mass_mean": 0.07151151945193608, "elapsed": 3264.3082110881805, "time": 1788468272.4795704}
{"event": "train", "step": 3410, "loss": 0.6287046074867249, "lr": 0.0007821654449127271, "grad_norm": 0.6827446818351746, "mem_mass_mean": 0.12091416617234547, "elapsed": 3274.261711359024, "time": 1788468282.4330676}
{"event": "train", "step": 3420, "loss": 0.7833391427993774, "lr": 0.0007809285000518202, "grad_norm": 0.6725093722343445, "mem_mass_mean": 0.10793721427520116, "elapsed": 3284.419573068619, "time": 1788468292.5909266}
{"event": "train", "step": 3430, "loss": 0.7979528903961182, "lr": 0.0007796891820432784, "grad_norm": 0.601321816444397, "mem_mass_mean": 0.11319949353734653, "elapsed": 3293.6455862522125, "time": 1788468301.816938}
{"event": "train", "step": 3440, "loss": 0.5357058048248291, "lr": 0.0007784475036230115, "grad_norm": 2.756897449493408, "mem_mass_mean": 0.07041006380071242, "elapsed": 3303.1701505184174, "time": 1788468311.3415022}
{"event": "train", "step": 3450, "loss": 0.5989475846290588, "lr": 0.0007772034775511868, "grad_norm": 0.7423483729362488, "mem_mass_mean": 0.11559431254863739, "elapsed": 3312.709886789322, "time": 1788468320.8812385}
{"event": "train", "step": 3460, "loss": 0.7541178464889526, "lr": 0.0007759571166120967, "grad_norm": 0.5464470982551575, "mem_mass_mean": 0.11593769490718842, "elapsed": 3322.0879106521606, "time": 1788468330.259263}
{"event": "train", "step": 3470, "loss": 0.4139670431613922, "lr": 0.0007747084336140282, "grad_norm": 1.1384581327438354, "mem_mass_mean": 0.12963174283504486, "elapsed": 3331.5331449508667, "time": 1788468339.7044964}
{"event": "train", "step": 3480, "loss": 0.4919039011001587, "lr": 0.0007734574413891313, "grad_norm": 0.5012173056602478, "mem_mass_mean": 0.09983755151430766, "elapsed": 3341.036036014557, "time": 1788468349.2073889}
{"event": "train", "step": 3490, "loss": 0.7481974363327026, "lr": 0.0007722041527932863, "grad_norm": 0.5821980834007263, "mem_mass_mean": 0.14478720103700957, "elapsed": 3350.6198625564575, "time": 1788468358.7912152}
{"event": "train", "step": 3500, "loss": 0.8711787462234497, "lr": 0.0007709485807059734, "grad_norm": 1.07059645652771, "mem_mass_mean": 0.10885345314939816, "elapsed": 3360.3129262924194, "time": 1788468368.4842777}
{"event": "train", "step": 3510, "loss": 0.5574482679367065, "lr": 0.0007696907380301376, "grad_norm": 1.5154149532318115, "mem_mass_mean": 0.1224366898338, "elapsed": 3369.793429851532, "time": 1788468377.9647815}
{"event": "train", "step": 3520, "loss": 0.41748470067977905, "lr": 0.000768430637692059, "grad_norm": 0.605180561542511, "mem_mass_mean": 0.07798406916360061, "elapsed": 3379.151403427124, "time": 1788468387.3227558}
{"event": "train", "step": 3530, "loss": 0.7144322395324707, "lr": 0.000767168292641218, "grad_norm": 0.7889644503593445, "mem_mass_mean": 0.10673078149557114, "elapsed": 3388.7287793159485, "time": 1788468396.9001324}
{"event": "train", "step": 3540, "loss": 0.8832955360412598, "lr": 0.0007659037158501634, "grad_norm": 0.5314812660217285, "mem_mass_mean": 0.10737577949961026, "elapsed": 3398.0986971855164, "time": 1788468406.2700486}
{"event": "train", "step": 3550, "loss": 0.6139132976531982, "lr": 0.000764636920314378, "grad_norm": 0.648142397403717, "mem_mass_mean": 0.11468092848857243, "elapsed": 3407.785549402237, "time": 1788468415.9569016}
{"event": "train", "step": 3560, "loss": 0.6073445677757263, "lr": 0.0007633679190521462, "grad_norm": 0.7783678770065308, "mem_mass_mean": 0.09620945279796918, "elapsed": 3417.2067987918854, "time": 1788468425.3781517}
{"event": "train", "step": 3570, "loss": 0.7818344235420227, "lr": 0.0007620967251044192, "grad_norm": 0.9426280856132507, "mem_mass_mean": 0.09312332856158416, "elapsed": 3426.7132148742676, "time": 1788468434.8845673}
{"event": "train", "step": 3580, "loss": 0.9720144867897034, "lr": 0.0007608233515346818, "grad_norm": 0.6557068824768066, "mem_mass_mean": 0.1221006525059541, "elapsed": 3436.121010541916, "time": 1788468444.2923627}
{"event": "train", "step": 3590, "loss": 0.5651793479919434, "lr": 0.0007595478114288174, "grad_norm": 0.7586844563484192, "mem_mass_mean": 0.09594977895418803, "elapsed": 3445.741902589798, "time": 1788468453.9132552}
{"event": "train", "step": 3600, "loss": 0.7463600635528564, "lr": 0.0007582701178949744, "grad_norm": 0.46686798334121704, "mem_mass_mean": 0.11577976495027542, "elapsed": 3454.99324631691, "time": 1788468463.164598}
{"event": "train", "step": 3610, "loss": 0.8125959038734436, "lr": 0.0007569902840634303, "grad_norm": 0.8724013566970825, "mem_mass_mean": 0.13602427393198013, "elapsed": 3464.567419052124, "time": 1788468472.7387726}
{"event": "train", "step": 3620, "loss": 0.5198167562484741, "lr": 0.0007557083230864584, "grad_norm": 0.7082637548446655, "mem_mass_mean": 0.11568886910875638, "elapsed": 3474.2077741622925, "time": 1788468482.3791258}
{"event": "train", "step": 3630, "loss": 0.7004145979881287, "lr": 0.000754424248138191, "grad_norm": 0.599163293838501, "mem_mass_mean": 0.11171894644697507, "elapsed": 3483.6771144866943, "time": 1788468491.8484666}
{"event": "train", "step": 3640, "loss": 0.9839804768562317, "lr": 0.000753138072414485, "grad_norm": 0.6292727589607239, "mem_mass_mean": 0.1260149379571279, "elapsed": 3493.0542175769806, "time": 1788468501.2255695}
{"event": "train", "step": 3650, "loss": 0.5537543296813965, "lr": 0.0007518498091327858, "grad_norm": 0.7361879348754883, "mem_mass_mean": 0.13508508851130804, "elapsed": 3502.694755792618, "time": 1788468510.866107}
{"event": "train", "step": 3660, "loss": 0.5509130954742432, "lr": 0.0007505594715319918, "grad_norm": 0.6516496539115906, "mem_mass_mean": 0.1000364323457082, "elapsed": 3512.2014331817627, "time": 1788468520.372785}
{"event": "train", "step": 3670, "loss": 0.41699522733688354, "lr": 0.0007492670728723185, "grad_norm": 1.557671070098877, "mem_mass_mean": 0.10158557693163554, "elapsed": 3521.582269191742, "time": 1788468529.7536216}
{"event": "train", "step": 3680, "loss": 0.6217688918113708, "lr": 0.0007479726264351618, "grad_norm": 1.6487786769866943, "mem_mass_mean": 0.11336613198121388, "elapsed": 3531.1317064762115, "time": 1788468539.3030598}
{"event": "train", "step": 3690, "loss": 0.6919360160827637, "lr": 0.0007466761455229615, "grad_norm": 1.1204688549041748, "mem_mass_mean": 0.13945752133925757, "elapsed": 3540.585783481598, "time": 1788468548.7571352}
{"event": "train", "step": 3700, "loss": 0.7406280040740967, "lr": 0.0007453776434590648, "grad_norm": 0.6325674653053284, "mem_mass_mean": 0.0946818223843972, "elapsed": 3549.923058271408, "time": 1788468558.0944102}
{"event": "train", "step": 3710, "loss": 0.33847227692604065, "lr": 0.0007440771335875897, "grad_norm": 0.783553957939148, "mem_mass_mean": 0.07699700351804495, "elapsed": 3559.4634189605713, "time": 1788468567.6347709}
{"event": "train", "step": 3720, "loss": 0.5224283933639526, "lr": 0.0007427746292732871, "grad_norm": 0.6816757321357727, "mem_mass_mean": 0.08575257348517577, "elapsed": 3568.8113074302673, "time": 1788468576.9826581}
{"event": "train", "step": 3730, "loss": 0.6911464929580688, "lr": 0.0007414701439014042, "grad_norm": 0.5508917570114136, "mem_mass_mean": 0.10154662281274796, "elapsed": 3578.2002441883087, "time": 1788468586.371596}
{"event": "train", "step": 3740, "loss": 0.6152591109275818, "lr": 0.0007401636908775464, "grad_norm": 0.6121205687522888, "mem_mass_mean": 0.110658364991347, "elapsed": 3587.809361934662, "time": 1788468595.9807124}
{"event": "train", "step": 3750, "loss": 0.6454185843467712, "lr": 0.00073885528362754, "grad_norm": 0.7342676520347595, "mem_mass_mean": 0.10802676156163216, "elapsed": 3596.999743938446, "time": 1788468605.1710958}
{"event": "train", "step": 3760, "loss": 0.5161421298980713, "lr": 0.0007375449355972941, "grad_norm": 0.8486724495887756, "mem_mass_mean": 0.15141910314559937, "elapsed": 3606.3489134311676, "time": 1788468614.5202658}
{"event": "train", "step": 3770, "loss": 0.8777129054069519, "lr": 0.0007362326602526618, "grad_norm": 0.4618898630142212, "mem_mass_mean": 0.11122776567935944, "elapsed": 3615.6479852199554, "time": 1788468623.819337}
{"event": "train", "step": 3780, "loss": 0.3625819683074951, "lr": 0.0007349184710793025, "grad_norm": 0.6446324586868286, "mem_mass_mean": 0.09436492932339509, "elapsed": 3625.0508954524994, "time": 1788468633.2222474}
{"event": "train", "step": 3790, "loss": 0.5275749564170837, "lr": 0.0007336023815825437, "grad_norm": 0.7149270176887512, "mem_mass_mean": 0.0870038519303004, "elapsed": 3634.3527200222015, "time": 1788468642.5240705}
{"event": "train", "step": 3800, "loss": 0.6331886053085327, "lr": 0.0007322844052872412, "grad_norm": 0.6217309832572937, "mem_mass_mean": 0.09537437868614991, "elapsed": 3643.8231477737427, "time": 1788468651.9945}
{"event": "train", "step": 3810, "loss": 0.8087786436080933, "lr": 0.0007309645557376404, "grad_norm": 0.5985034108161926, "mem_mass_mean": 0.12089474871754646, "elapsed": 3653.1455957889557, "time": 1788468661.3169463}
{"event": "train", "step": 3820, "loss": 1.0628821849822998, "lr": 0.0007296428464972377, "grad_norm": 0.6031783819198608, "mem_mass_mean": 0.10367790050804615, "elapsed": 3662.810672521591, "time": 1788468670.982025}
{"event": "train", "step": 3830, "loss": 0.6849554181098938, "lr": 0.0007283192911486403, "grad_norm": 0.4606715142726898, "mem_mass_mean": 0.1170483926932017, "elapsed": 3672.218715429306, "time": 1788468680.3900661}
{"event": "train", "step": 3840, "loss": 0.7677051424980164, "lr": 0.0007269939032934272, "grad_norm": 0.7475817203521729, "mem_mass_mean": 0.11890378718574841, "elapsed": 3680.398687362671, "time": 1788468688.5700388}
{"event": "train", "step": 3850, "loss": 0.8907663822174072, "lr": 0.0007256666965520098, "grad_norm": 0.8038482666015625, "mem_mass_mean": 0.13609715551137924, "elapsed": 3688.1636481285095, "time": 1788468696.334999}
{"event": "train", "step": 3860, "loss": 0.5624066591262817, "lr": 0.0007243376845634904, "grad_norm": 0.8163621425628662, "mem_mass_mean": 0.11968934660156567, "elapsed": 3696.2366819381714, "time": 1788468704.4080324}
{"event": "train", "step": 3870, "loss": 0.5176846981048584, "lr": 0.0007230068809855237, "grad_norm": 0.3755207359790802, "mem_mass_mean": 0.09879516375561555, "elapsed": 3704.1857874393463, "time": 1788468712.3571403}
{"event": "train", "step": 3880, "loss": 0.7992798089981079, "lr": 0.0007216742994941752, "grad_norm": 0.5933277606964111, "mem_mass_mean": 0.10678382590413094, "elapsed": 3712.1417760849, "time": 1788468720.3131266}
{"event": "train", "step": 3890, "loss": 0.7179964184761047, "lr": 0.0007203399537837816, "grad_norm": 0.9529768824577332, "mem_mass_mean": 0.1416278692583243, "elapsed": 3720.4853048324585, "time": 1788468728.6566558}
{"event": "train", "step": 3900, "loss": 0.7669223546981812, "lr": 0.00071900385756681, "grad_norm": 0.4573628902435303, "mem_mass_mean": 0.12020141631364822, "elapsed": 3728.414040327072, "time": 1788468736.5853925}
{"event": "train", "step": 3910, "loss": 0.9131537675857544, "lr": 0.0007176660245737156, "grad_norm": 0.44692111015319824, "mem_mass_mean": 0.13190810258189836, "elapsed": 3736.0467596054077, "time": 1788468744.2181115}
{"event": "train", "step": 3920, "loss": 0.7037255764007568, "lr": 0.0007163264685528029, "grad_norm": 0.39019185304641724, "mem_mass_mean": 0.11239481468995412, "elapsed": 3743.9208199977875, "time": 1788468752.0921721}
{"event": "train", "step": 3930, "loss": 0.7963435649871826, "lr": 0.0007149852032700823, "grad_norm": 0.4429795444011688, "mem_mass_mean": 0.12821531668305397, "elapsed": 3751.876645565033, "time": 1788468760.0479965}
{"event": "train", "step": 3940, "loss": 0.9820951819419861, "lr": 0.0007136422425091299, "grad_norm": 0.6352742314338684, "mem_mass_mean": 0.1251575561861197, "elapsed": 3759.6016268730164, "time": 1788468767.7729785}
{"event": "train", "step": 3950, "loss": 0.45872464776039124, "lr": 0.0007122976000709455, "grad_norm": 0.6633793115615845, "mem_mass_mean": 0.09811482392251492, "elapsed": 3767.2825622558594, "time": 1788468775.4539135}
{"event": "train", "step": 3960, "loss": 0.5054525136947632, "lr": 0.0007109512897738102, "grad_norm": 0.8581966161727905, "mem_mass_mean": 0.13377267122268677, "elapsed": 3774.9478158950806, "time": 1788468783.1191673}
{"event": "train", "step": 3970, "loss": 0.43295279145240784, "lr": 0.0007096033254531457, "grad_norm": 0.6601237654685974, "mem_mass_mean": 0.1022651686022679, "elapsed": 3782.756672859192, "time": 1788468790.9280238}
{"event": "train", "step": 3980, "loss": 0.5334779620170593, "lr": 0.000708253720961371, "grad_norm": 0.7476357817649841, "mem_mass_mean": 0.0885862447321415, "elapsed": 3790.421516895294, "time": 1788468798.59287}
{"event": "train", "step": 3990, "loss": 0.9114487171173096, "lr": 0.0007069024901677603, "grad_norm": 0.875606894493103, "mem_mass_mean": 0.11113272234797478, "elapsed": 3798.1797592639923, "time": 1788468806.351112}
{"event": "train", "step": 4000, "loss": 0.48367148637771606, "lr": 0.0007055496469583004, "grad_norm": 0.7100518345832825, "mem_mass_mean": 0.0941116667042176, "elapsed": 3805.835920572281, "time": 1788468814.0072708}
{"memory_correct": {"ce": 0.6865390031075549, "em": 0.53125, "f1": 0.53125, "n": 256}, "memory_zero": {"ce": 4.802775196352741, "em": 0.03125, "f1": 0.035416666666666666, "n": 256}, "memory_donor": {"ce": 1.5054696947954653, "em": 0.05859375, "f1": 0.05859375, "n": 256}, "base_in_context": {"ce": 0.0010107289876026826, "em": 1.0, "f1": 1.0, "n": 256}, "mem_mass": {"4": 0.10810191743075848, "8": 0.10098503530025482, "12": 0.10301703307777643, "15": 0.23719008453190327, "19": 0.09814225137233734, "23": 0.07683941349387169}, "samples": [{"question": "What is Hamza Totisa's birth month?", "gold": "October", "pred": "April"}, {"question": "What is Sana Dari's sport?", "gold": "tennis", "pred": "soccer"}, {"question": "What is Gwen Nusike's pet?", "gold": "hamster", "pred": "rabbit"}, {"question": "What is Gwen Namuru's lucky number?", "gold": "46", "pred": "5"}, {"question": "What is Aiko Bome's hometown?", "gold": "Lima", "pred": "Lima"}, {"question": "What is Ximena Kidi's door code?", "gold": "1296", "pred": "1234"}, {"question": "What is Jana Revu's job?", "gold": "welder", "pred": "welder"}, {"question": "What is Rafael Tusi's door code?", "gold": "7031", "pred": "5411"}], "event": "eval", "step": 4000, "set": "synthetic_k8", "time": 1788468839.375042}
{"memory_correct": {"ce": 0.507665963539921, "em": 0.66015625, "f1": 0.66015625, "n": 256}, "memory_zero": {"ce": 4.659122891731386, "em": 0.03125, "f1": 0.033203125, "n": 256}, "memory_donor": {"ce": 1.502252750844491, "em": 0.08203125, "f1": 0.08203125, "n": 256}, "base_in_context": {"ce": 0.003060471701203049, "em": 1.0, "f1": 1.0, "n": 256}, "mem_mass": {"4": 0.10626763664186001, "8": 0.09923957008868456, "12": 0.1013017538934946, "15": 0.2349599488079548, "19": 0.09668012615293264, "23": 0.07512099668383598}, "samples": [{"question": "What is Dev Kori's favorite fruit?", "gold": "apple", "pred": "apple"}, {"question": "What is Noor Lulidi's hometown?", "gold": "Oslo", "pred": "Oslo"}, {"question": "What is Bram Ladusa's instrument?", "gold": "piano", "pred": "piano"}, {"question": "What is Hamza Modavi's favorite fruit?", "gold": "grape", "pred": "grape"}, {"question": "What is Aiko Merosu's sport?", "gold": "fencing", "pred": "fencing"}, {"question": "What is Dani Turi's lucky number?", "gold": "21", "pred": "12"}, {"question": "What is Wanda Mona's sport?", "gold": "rugby", "pred": "rugby"}, {"question": "What is Eyal Voremu's instrument?", "gold": "cello", "pred": "cello"}], "event": "eval", "step": 4000, "set": "synthetic_k4", "time": 1788468861.2584956}
{"memory_correct": {"ce": 0.7289626019373827, "em": 0.4453125, "f1": 0.4453125, "n": 256}, "memory_zero": {"ce": 4.723327737185173, "em": 0.03125, "f1": 0.03515625, "n": 256}, "memory_donor": {"ce": 1.4345126686384901, "em": 0.05859375, "f1": 0.05859375, "n": 256}, "base_in_context": {"ce": 0.0035145777096130537, "em": 1.0, "f1": 1.0, "n": 256}, "mem_mass": {"4": 0.10744910594075918, "8": 0.10227729473263025, "12": 0.10399621911346912, "15": 0.23842924274504185, "19": 0.09856130555272102, "23": 0.07774344692006707}, "samples": [{"question": "What is Dani Mani's car?", "gold": "Peugeot", "pred": "Peugeot"}, {"question": "What is Viktor Desi's favorite color?", "gold": "red", "pred": "teal"}, {"question": "What is Jana Meki's door code?", "gold": "8363", "pred": "4333"}, {"question": "What is Ximena Mamune's sport?", "gold": "golf", "pred": "golf"}, {"question": "What is Viktor Lasomo's favorite color?", "gold": "orange", "pred": "orange"}, {"question": "What is Eyal Delune's birth month?", "gold": "February", "pred": "November"}, {"question": "What is Amara Kali's favorite color?", "gold": "brown", "pred": "teal"}, {"question": "What is Viktor Revosi's birth month?", "gold": "April", "pred": "April"}], "event": "eval", "step": 4000, "set": "synthetic_k16", "time": 1788468891.260862}
{"event": "train", "step": 4010, "loss": 0.8400989174842834, "lr": 0.0007041952052355488, "grad_norm": 0.638688862323761, "mem_mass_mean": 0.1550678312778473, "elapsed": 3891.100797176361, "time": 1788468899.2721496}
{"event": "train", "step": 4020, "loss": 0.7085990309715271, "lr": 0.0007028391789184897, "grad_norm": 0.5643897652626038, "mem_mass_mean": 0.11483116075396538, "elapsed": 3899.3288264274597, "time": 1788468907.500179}
{"event": "train", "step": 4030, "loss": 0.7928652167320251, "lr": 0.0007014815819423915, "grad_norm": 0.2942356765270233, "mem_mass_mean": 0.10098574807246526, "elapsed": 3907.542923927307, "time": 1788468915.7142956}
{"event": "train", "step": 4040, "loss": 0.6267163753509521, "lr": 0.000700122428258664, "grad_norm": 0.49726220965385437, "mem_mass_mean": 0.10584514277676742, "elapsed": 3915.95667719841, "time": 1788468924.12803}
{"event": "train", "step": 4050, "loss": 0.4719712436199188, "lr": 0.0006987617318347136, "grad_norm": 0.4560941159725189, "mem_mass_mean": 0.09585495231052239, "elapsed": 3923.952280521393, "time": 1788468932.123633}
{"event": "train", "step": 4060, "loss": 0.7024121880531311, "lr": 0.0006973995066538016, "grad_norm": 0.7740027904510498, "mem_mass_mean": 0.11927926912903786, "elapsed": 3931.9951932430267, "time": 1788468940.1665447}
{"event": "train", "step": 4070, "loss": 0.45638588070869446, "lr": 0.0006960357667148995, "grad_norm": 0.498826801776886, "mem_mass_mean": 0.11599284534653027, "elapsed": 3940.2263128757477, "time": 1788468948.3976657}
{"event": "train", "step": 4080, "loss": 0.6996579170227051, "lr": 0.0006946705260325451, "grad_norm": 0.6695660948753357, "mem_mass_mean": 0.13876721387108168, "elapsed": 3948.567007303238, "time": 1788468956.7383587}
{"event": "train", "step": 4090, "loss": 0.36255210638046265, "lr": 0.0006933037986366989, "grad_norm": 0.8654571175575256, "mem_mass_mean": 0.11047374581297238, "elapsed": 3956.951429128647, "time": 1788468965.1227818}
{"event": "train", "step": 4100, "loss": 0.816542387008667, "lr": 0.0006919355985725992, "grad_norm": 0.7384235858917236, "mem_mass_mean": 0.10918371006846428, "elapsed": 3965.086460828781, "time": 1788468973.257813}
{"event": "train", "step": 4110, "loss": 0.4936439096927643, "lr": 0.0006905659399006189, "grad_norm": 1.5390024185180664, "mem_mass_mean": 0.09841428014139335, "elapsed": 3973.6118669509888, "time": 1788468981.7832193}
{"event": "train", "step": 4120, "loss": 0.9355515837669373, "lr": 0.0006891948366961197, "grad_norm": 0.37811389565467834, "mem_mass_mean": 0.1258643257121245, "elapsed": 3983.2059020996094, "time": 1788468991.3772535}
{"event": "train", "step": 4130, "loss": 0.6043165922164917, "lr": 0.0006878223030493086, "grad_norm": 0.5508404970169067, "mem_mass_mean": 0.09650522097945213, "elapsed": 3992.7316324710846, "time": 1788469000.9029844}
{"event": "train", "step": 4140, "loss": 0.6099109649658203, "lr": 0.0006864483530650923, "grad_norm": 0.6832929849624634, "mem_mass_mean": 0.13002508506178856, "elapsed": 4002.1562852859497, "time": 1788469010.327637}
{"event": "train", "step": 4150, "loss": 0.5147271752357483, "lr": 0.000685073000862933, "grad_norm": 1.011986494064331, "mem_mass_mean": 0.07759399091204007, "elapsed": 4011.642920732498, "time": 1788469019.8142736}
{"event": "train", "step": 4160, "loss": 0.48645275831222534, "lr": 0.0006836962605767023, "grad_norm": 0.670787513256073, "mem_mass_mean": 0.09668190715213616, "elapsed": 4021.3003594875336, "time": 1788469029.4717124}
{"event": "train", "step": 4170, "loss": 0.3751579225063324, "lr": 0.0006823181463545367, "grad_norm": 0.6746788024902344, "mem_mass_mean": 0.10972013945380847, "elapsed": 4030.728537082672, "time": 1788469038.8998897}
{"event": "train", "step": 4180, "loss": 0.6407273411750793, "lr": 0.0006809386723586924, "grad_norm": 0.9314265251159668, "mem_mass_mean": 0.10018189499775569, "elapsed": 4040.0541002750397, "time": 1788469048.225451}
{"event": "train", "step": 4190, "loss": 0.6892063021659851, "lr": 0.0006795578527653986, "grad_norm": 0.703049898147583, "mem_mass_mean": 0.15957299744089445, "elapsed": 4049.578989982605, "time": 1788469057.7503424}
{"event": "train", "step": 4200, "loss": 0.8993937373161316, "lr": 0.0006781757017647134, "grad_norm": 0.8357841372489929, "mem_mass_mean": 0.10469799178342025, "elapsed": 4059.082118988037, "time": 1788469067.2534711}
{"event": "train", "step": 4210, "loss": 0.6161922216415405, "lr": 0.0006767922335603768, "grad_norm": 0.6335037350654602, "mem_mass_mean": 0.10721961719294389, "elapsed": 4068.6135125160217, "time": 1788469076.7848647}
{"event": "train", "step": 4220, "loss": 0.7638270258903503, "lr": 0.0006754074623696648, "grad_norm": 0.471466600894928, "mem_mass_mean": 0.11438778787851334, "elapsed": 4078.0522105693817, "time": 1788469086.2235625}
{"event": "train", "step": 4230, "loss": 0.4652515947818756, "lr": 0.0006740214024232444, "grad_norm": 0.47547316551208496, "mem_mass_mean": 0.12250213449199994, "elapsed": 4087.5474784374237, "time": 1788469095.718831}
{"event": "train", "step": 4240, "loss": 0.7460001707077026, "lr": 0.0006726340679650257, "grad_norm": 0.8550779819488525, "mem_mass_mean": 0.12492383768161137, "elapsed": 4097.37572312355, "time": 1788469105.5470743}
{"event": "train", "step": 4250, "loss": 0.7817434072494507, "lr": 0.0006712454732520169, "grad_norm": 0.5049793124198914, "mem_mass_mean": 0.12485812976956367, "elapsed": 4106.950392007828, "time": 1788469115.121744}
{"event": "train", "step": 4260, "loss": 0.3488295078277588, "lr": 0.0006698556325541772, "grad_norm": 0.9056280851364136, "mem_mass_mean": 0.09479749947786331, "elapsed": 4116.265344381332, "time": 1788469124.4366972}
{"event": "train", "step": 4270, "loss": 0.7420409321784973, "lr": 0.0006684645601542701, "grad_norm": 0.7567410469055176, "mem_mass_mean": 0.11509198819597562, "elapsed": 4125.668896913528, "time": 1788469133.8402479}
{"event": "train", "step": 4280, "loss": 0.8401837944984436, "lr": 0.0006670722703477169, "grad_norm": 0.8523918986320496, "mem_mass_mean": 0.116160253683726, "elapsed": 4135.220873117447, "time": 1788469143.3922255}
{"event": "train", "step": 4290, "loss": 0.6122699975967407, "lr": 0.0006656787774424493, "grad_norm": 0.8235861659049988, "mem_mass_mean": 0.10810105130076408, "elapsed": 4144.790662765503, "time": 1788469152.9620135}
{"event": "train", "step": 4300, "loss": 0.7104352116584778, "lr": 0.0006642840957587632, "grad_norm": 0.39408427476882935, "mem_mass_mean": 0.13415888945261636, "elapsed": 4154.2536516189575, "time": 1788469162.4250026}
{"event": "train", "step": 4310, "loss": 0.5134904980659485, "lr": 0.0006628882396291709, "grad_norm": 0.7147186398506165, "mem_mass_mean": 0.11429682746529579, "elapsed": 4163.56792807579, "time": 1788469171.7392786}
{"event": "train", "step": 4320, "loss": 0.6521176099777222, "lr": 0.0006614912233982533, "grad_norm": 0.4232918918132782, "mem_mass_mean": 0.12015161166588466, "elapsed": 4172.883495330811, "time": 1788469181.0548508}
{"event": "train", "step": 4330, "loss": 0.5566317439079285, "lr": 0.000660093061422514, "grad_norm": 0.34618857502937317, "mem_mass_mean": 0.11522911737362544, "elapsed": 4182.3552033901215, "time": 1788469190.5265567}
{"event": "train", "step": 4340, "loss": 1.0673513412475586, "lr": 0.0006586937680702305, "grad_norm": 0.7802708148956299, "mem_mass_mean": 0.14081212878227234, "elapsed": 4191.912027835846, "time": 1788469200.0833805}
{"event": "train", "step": 4350, "loss": 0.249347522854805, "lr": 0.0006572933577213072, "grad_norm": 0.3551173210144043, "mem_mass_mean": 0.07625884686907132, "elapsed": 4201.410827875137, "time": 1788469209.5821798}
{"event": "train", "step": 4360, "loss": 0.49260517954826355, "lr": 0.0006558918447671269, "grad_norm": 0.5899600982666016, "mem_mass_mean": 0.12057260299722354, "elapsed": 4210.834777355194, "time": 1788469219.0061297}
{"event": "train", "step": 4370, "loss": 0.8204599022865295, "lr": 0.0006544892436104037, "grad_norm": 0.2930247485637665, "mem_mass_mean": 0.1298924833536148, "elapsed": 4220.309706926346, "time": 1788469228.4810586}
{"event": "train", "step": 4380, "loss": 0.7007830142974854, "lr": 0.0006530855686650347, "grad_norm": 0.73863685131073, "mem_mass_mean": 0.1168946201602618, "elapsed": 4229.605463266373, "time": 1788469237.7768157}
{"event": "train", "step": 4390, "loss": 0.25401875376701355, "lr": 0.0006516808343559518, "grad_norm": 0.6123880743980408, "mem_mass_mean": 0.09404900359610717, "elapsed": 4238.977336406708, "time": 1788469247.1486874}
{"event": "train", "step": 4400, "loss": 0.42965707182884216, "lr": 0.0006502750551189735, "grad_norm": 1.1583269834518433, "mem_mass_mean": 0.09889407021303971, "elapsed": 4248.557814359665, "time": 1788469256.7291737}
{"event": "train", "step": 4410, "loss": 0.45837852358818054, "lr": 0.0006488682454006561, "grad_norm": 0.5358710289001465, "mem_mass_mean": 0.08428110244373481, "elapsed": 4257.915795087814, "time": 1788469266.0871468}
{"event": "train", "step": 4420, "loss": 0.49184635281562805, "lr": 0.0006474604196581467, "grad_norm": 0.5122386813163757, "mem_mass_mean": 0.07600789579252402, "elapsed": 4267.385547637939, "time": 1788469275.5569003}
{"event": "train", "step": 4430, "loss": 0.9443034529685974, "lr": 0.0006460515923590324, "grad_norm": 2.445378065109253, "mem_mass_mean": 0.1082108902434508, "elapsed": 4276.837359666824, "time": 1788469285.008712}
{"event": "train", "step": 4440, "loss": 0.4406251609325409, "lr": 0.000644641777981194, "grad_norm": 0.8000226616859436, "mem_mass_mean": 0.11504402508338292, "elapsed": 4286.213922262192, "time": 1788469294.3852742}
{"event": "train", "step": 4450, "loss": 0.47038954496383667, "lr": 0.0006432309910126554, "grad_norm": 0.6940808892250061, "mem_mass_mean": 0.16651672621568045, "elapsed": 4295.701421499252, "time": 1788469303.8727748}
{"event": "train", "step": 4460, "loss": 0.48889613151550293, "lr": 0.0006418192459514353, "grad_norm": 0.6367145776748657, "mem_mass_mean": 0.07368943436692159, "elapsed": 4305.043751001358, "time": 1788469313.2151067}
{"event": "train", "step": 4470, "loss": 0.5407747030258179, "lr": 0.0006404065573053984, "grad_norm": 0.6053522229194641, "mem_mass_mean": 0.11045118793845177, "elapsed": 4314.219780445099, "time": 1788469322.3911324}
{"event": "train", "step": 4480, "loss": 0.68314528465271, "lr": 0.0006389929395921066, "grad_norm": 0.5311137437820435, "mem_mass_mean": 0.12010588745276134, "elapsed": 4323.723337650299, "time": 1788469331.89469}
{"event": "train", "step": 4490, "loss": 0.45395880937576294, "lr": 0.0006375784073386692, "grad_norm": 0.4859243631362915, "mem_mass_mean": 0.12018147855997086, "elapsed": 4333.173452377319, "time": 1788469341.3448038}
{"event": "train", "step": 4500, "loss": 0.7976204752922058, "lr": 0.0006361629750815931, "grad_norm": 0.9176100492477417, "mem_mass_mean": 0.12170233950018883, "elapsed": 4342.505487680435, "time": 1788469350.6768398}
{"event": "train", "step": 4510, "loss": 0.34363672137260437, "lr": 0.0006347466573666349, "grad_norm": 0.9631096720695496, "mem_mass_mean": 0.0918058231472969, "elapsed": 4352.019521474838, "time": 1788469360.1908734}
{"event": "train", "step": 4520, "loss": 0.5837995409965515, "lr": 0.000633329468748651, "grad_norm": 0.5045665502548218, "mem_mass_mean": 0.09917403074602286, "elapsed": 4361.694441080093, "time": 1788469369.865792}
{"event": "train", "step": 4530, "loss": 0.8239879012107849, "lr": 0.0006319114237914466, "grad_norm": 0.6735433340072632, "mem_mass_mean": 0.10072268111010392, "elapsed": 4371.056770324707, "time": 1788469379.2281237}
{"event": "train", "step": 4540, "loss": 0.7513160109519958, "lr": 0.0006304925370676279, "grad_norm": 0.3822355270385742, "mem_mass_mean": 0.11093618348240852, "elapsed": 4380.447004556656, "time": 1788469388.618357}
{"event": "train", "step": 4550, "loss": 0.3528844118118286, "lr": 0.0006290728231584514, "grad_norm": 0.5920220613479614, "mem_mass_mean": 0.104568375274539, "elapsed": 4389.824661970139, "time": 1788469397.9960139}
{"event": "train", "step": 4560, "loss": 0.5802618265151978, "lr": 0.0006276522966536738, "grad_norm": 0.8157099485397339, "mem_mass_mean": 0.10812631001075108, "elapsed": 4399.275668144226, "time": 1788469407.44702}
{"event": "train", "step": 4570, "loss": 0.5711360573768616, "lr": 0.000626230972151403, "grad_norm": 0.6400408148765564, "mem_mass_mean": 0.11945748577515285, "elapsed": 4408.8870532512665, "time": 1788469417.0584037}
{"event": "train", "step": 4580, "loss": 0.7602770328521729, "lr": 0.0006248088642579474, "grad_norm": 0.5495784282684326, "mem_mass_mean": 0.13058333843946457, "elapsed": 4418.409608125687, "time": 1788469426.5809612}
{"event": "train", "step": 4590, "loss": 0.5542385578155518, "lr": 0.0006233859875876659, "grad_norm": 0.4221007525920868, "mem_mass_mean": 0.10097840055823326, "elapsed": 4427.818915843964, "time": 1788469435.9902678}
{"event": "train", "step": 4600, "loss": 0.3686157166957855, "lr": 0.0006219623567628177, "grad_norm": 0.6629641056060791, "mem_mass_mean": 0.09196289752920468, "elapsed": 4437.337553501129, "time": 1788469445.5089054}
{"event": "train", "step": 4610, "loss": 0.4243432879447937, "lr": 0.0006205379864134122, "grad_norm": 0.7286381721496582, "mem_mass_mean": 0.11942153175671895, "elapsed": 4446.778791189194, "time": 1788469454.9501429}
{"event": "train", "step": 4620, "loss": 0.9875988364219666, "lr": 0.0006191128911770587, "grad_norm": 0.680728018283844, "mem_mass_mean": 0.12247231354316075, "elapsed": 4456.296848773956, "time": 1788469464.4682004}
{"event": "train", "step": 4630, "loss": 0.37659627199172974, "lr": 0.0006176870856988155, "grad_norm": 1.1626174449920654, "mem_mass_mean": 0.07500799186527729, "elapsed": 4465.907912969589, "time": 1788469474.0792658}
{"event": "train", "step": 4640, "loss": 0.6751670837402344, "lr": 0.0006162605846310401, "grad_norm": 0.6472039818763733, "mem_mass_mean": 0.10933265835046768, "elapsed": 4475.25239109993, "time": 1788469483.423743}
{"event": "train", "step": 4650, "loss": 0.7463544607162476, "lr": 0.0006148334026332378, "grad_norm": 0.4261619746685028, "mem_mass_mean": 0.12144333124160767, "elapsed": 4485.005183935165, "time": 1788469493.1765363}
{"event": "train", "step": 4660, "loss": 0.6189752817153931, "lr": 0.0006134055543719121, "grad_norm": 0.4151296615600586, "mem_mass_mean": 0.13739424323042235, "elapsed": 4494.439499616623, "time": 1788469502.610852}
{"event": "train", "step": 4670, "loss": 0.18704886734485626, "lr": 0.0006119770545204132, "grad_norm": 0.5745072364807129, "mem_mass_mean": 0.07563516839096944, "elapsed": 4503.694176197052, "time": 1788469511.8655298}
{"event": "train", "step": 4680, "loss": 0.38166776299476624, "lr": 0.0006105479177587867, "grad_norm": 0.6045386791229248, "mem_mass_mean": 0.1057784166187048, "elapsed": 4513.3035571575165, "time": 1788469521.4749086}
{"event": "train", "step": 4690, "loss": 0.2637239098548889, "lr": 0.0006091181587736245, "grad_norm": 0.3668309152126312, "mem_mass_mean": 0.10415928127864997, "elapsed": 4522.598135471344, "time": 1788469530.7694871}
{"event": "train", "step": 4700, "loss": 0.319491982460022, "lr": 0.0006076877922579121, "grad_norm": 0.3944488763809204, "mem_mass_mean": 0.09810132843752702, "elapsed": 4532.143182754517, "time": 1788469540.3145385}
{"event": "train", "step": 4710, "loss": 0.3496941924095154, "lr": 0.0006062568329108787, "grad_norm": 0.5688518285751343, "mem_mass_mean": 0.11321668699383736, "elapsed": 4541.700702667236, "time": 1788469549.8720546}
{"event": "train", "step": 4720, "loss": 0.69272381067276, "lr": 0.0006048252954378455, "grad_norm": 0.550495982170105, "mem_mass_mean": 0.1342556302746137, "elapsed": 4551.205538988113, "time": 1788469559.3768911}
{"event": "train", "step": 4730, "loss": 0.8166823983192444, "lr": 0.0006033931945500749, "grad_norm": 0.5947360396385193, "mem_mass_mean": 0.09576340454320113, "elapsed": 4560.843757390976, "time": 1788469569.0151095}
{"event": "train", "step": 4740, "loss": 0.8386019468307495, "lr": 0.0006019605449646193, "grad_norm": 0.628289520740509, "mem_mass_mean": 0.09197460239132245, "elapsed": 4570.343724727631, "time": 1788469578.515077}
{"event": "train", "step": 4750, "loss": 0.3922165036201477, "lr": 0.00060052736140417, "grad_norm": 0.5854273438453674, "mem_mass_mean": 0.07940126645068328, "elapsed": 4579.731950521469, "time": 1788469587.9033024}
{"event": "train", "step": 4760, "loss": 1.01986563205719, "lr": 0.0005990936585969054, "grad_norm": 0.3905899226665497, "mem_mass_mean": 0.11791907747586568, "elapsed": 4588.758182525635, "time": 1788469596.9295347}
{"event": "train", "step": 4770, "loss": 0.8435812592506409, "lr": 0.0005976594512763399, "grad_norm": 0.9197417497634888, "mem_mass_mean": 0.10069262360533078, "elapsed": 4596.727949857712, "time": 1788469604.8993027}
{"event": "train", "step": 4780, "loss": 0.319558709859848, "lr": 0.000596224754181173, "grad_norm": 0.6647514700889587, "mem_mass_mean": 0.07753196979562442, "elapsed": 4604.786651134491, "time": 1788469612.9580033}
{"event": "train", "step": 4790, "loss": 0.3518102467060089, "lr": 0.0005947895820551371, "grad_norm": 0.6862923502922058, "mem_mass_mean": 0.09586968335012595, "elapsed": 4612.640624284744, "time": 1788469620.8119762}
{"event": "train", "step": 4800, "loss": 0.35399681329727173, "lr": 0.0005933539496468463, "grad_norm": 0.31729432940483093, "mem_mass_mean": 0.10116248702009518, "elapsed": 4620.496184587479, "time": 1788469628.6675367}
{"event": "train", "step": 4810, "loss": 0.8635642528533936, "lr": 0.000591917871709645, "grad_norm": 0.4698277711868286, "mem_mass_mean": 0.13004765783747038, "elapsed": 4628.498915433884, "time": 1788469636.6702666}
{"event": "train", "step": 4820, "loss": 0.8993388414382935, "lr": 0.0005904813630014555, "grad_norm": 0.7079328894615173, "mem_mass_mean": 0.1316467970609665, "elapsed": 4636.774322748184, "time": 1788469644.9456735}
{"event": "train", "step": 4830, "loss": 0.6973890662193298, "lr": 0.0005890444382846277, "grad_norm": 0.8885841965675354, "mem_mass_mean": 0.1174461804330349, "elapsed": 4644.779189586639, "time": 1788469652.9505403}
{"event": "train", "step": 4840, "loss": 0.7007990479469299, "lr": 0.0005876071123257862, "grad_norm": 0.457811564207077, "mem_mass_mean": 0.10206811502575874, "elapsed": 4652.833634138107, "time": 1788469661.0049858}
{"event": "train", "step": 4850, "loss": 0.6766884922981262, "lr": 0.0005861693998956792, "grad_norm": 0.8355782628059387, "mem_mass_mean": 0.10826569547255833, "elapsed": 4660.666778564453, "time": 1788469668.838129}
{"event": "train", "step": 4860, "loss": 0.889617919921875, "lr": 0.0005847313157690264, "grad_norm": 0.5470110774040222, "mem_mass_mean": 0.13527472813924155, "elapsed": 4668.765509843826, "time": 1788469676.93686}
{"event": "train", "step": 4870, "loss": 0.3500310778617859, "lr": 0.000583292874724367, "grad_norm": 0.7333877682685852, "mem_mass_mean": 0.0922876497109731, "elapsed": 4676.81548166275, "time": 1788469684.986832}
{"event": "train", "step": 4880, "loss": 0.4279603362083435, "lr": 0.0005818540915439084, "grad_norm": 0.5755507946014404, "mem_mass_mean": 0.13023831074436507, "elapsed": 4684.655282497406, "time": 1788469692.826634}
{"event": "train", "step": 4890, "loss": 0.6505967974662781, "lr": 0.000580414981013374, "grad_norm": 0.9940937161445618, "mem_mass_mean": 0.07123606620977323, "elapsed": 4692.288350105286, "time": 1788469700.4597023}
{"event": "train", "step": 4900, "loss": 0.6700495481491089, "lr": 0.000578975557921851, "grad_norm": 0.4204583466053009, "mem_mass_mean": 0.11019772787888844, "elapsed": 4699.946174621582, "time": 1788469708.1175263}
{"event": "train", "step": 4910, "loss": 0.5732066035270691, "lr": 0.0005775358370616389, "grad_norm": 0.6345869898796082, "mem_mass_mean": 0.11415158833066623, "elapsed": 4707.656819343567, "time": 1788469715.8281713}
{"event": "train", "step": 4920, "loss": 0.5295649766921997, "lr": 0.0005760958332280969, "grad_norm": 0.6152508854866028, "mem_mass_mean": 0.09868888681133588, "elapsed": 4715.445077180862, "time": 1788469723.6164293}
{"event": "train", "step": 4930, "loss": 0.6500803232192993, "lr": 0.0005746555612194927, "grad_norm": 0.3795652985572815, "mem_mass_mean": 0.12161955361564954, "elapsed": 4723.224242448807, "time": 1788469731.3955984}
{"event": "train", "step": 4940, "loss": 0.6647218465805054, "lr": 0.0005732150358368492, "grad_norm": 0.32013988494873047, "mem_mass_mean": 0.10450692971547444, "elapsed": 4731.0725746154785, "time": 1788469739.243925}
{"event": "train", "step": 4950, "loss": 0.7024423480033875, "lr": 0.000571774271883794, "grad_norm": 0.6507307887077332, "mem_mass_mean": 0.11838899180293083, "elapsed": 4738.729117393494, "time": 1788469746.9004695}
{"event": "train", "step": 4960, "loss": 0.7445842027664185, "lr": 0.0005703332841664054, "grad_norm": 0.4821489751338959, "mem_mass_mean": 0.12176253646612167, "elapsed": 4746.4466762542725, "time": 1788469754.618027}
{"event": "train", "step": 4970, "loss": 0.2545555830001831, "lr": 0.000568892087493062, "grad_norm": 0.6232370734214783, "mem_mass_mean": 0.1045848826567332, "elapsed": 4754.167458534241, "time": 1788469762.3388093}
{"event": "train", "step": 4980, "loss": 0.38303110003471375, "lr": 0.0005674506966742896, "grad_norm": 0.6082079410552979, "mem_mass_mean": 0.10285284742712975, "elapsed": 4761.792350292206, "time": 1788469769.9637017}
{"event": "train", "step": 4990, "loss": 0.4247885048389435, "lr": 0.0005660091265226088, "grad_norm": 0.3649761974811554, "mem_mass_mean": 0.12191816295186679, "elapsed": 4769.501828432083, "time": 1788469777.6731796}
{"event": "train", "step": 5000, "loss": 0.8867689371109009, "lr": 0.0005645673918523832, "grad_norm": 0.39186304807662964, "mem_mass_mean": 0.13526242102185884, "elapsed": 4777.543332576752, "time": 1788469785.7146847}
{"memory_correct": {"ce": 0.6047602162300336, "em": 0.5625, "f1": 0.5625, "n": 256}, "memory_zero": {"ce": 4.802775196352741, "em": 0.03125, "f1": 0.035416666666666666, "n": 256}, "memory_donor": {"ce": 1.6154979054699652, "em": 0.06640625, "f1": 0.06640625, "n": 256}, "base_in_context": {"ce": 0.0010107289876026826, "em": 1.0, "f1": 1.0, "n": 256}, "mem_mass": {"4": 0.10641507338732481, "8": 0.10121295973658562, "12": 0.10318972263485193, "15": 0.24046169221401215, "19": 0.10877454839646816, "23": 0.07682633958756924}, "samples": [{"question": "What is Hamza Totisa's birth month?", "gold": "October", "pred": "April"}, {"question": "What is Sana Dari's sport?", "gold": "tennis", "pred": "soccer"}, {"question": "What is Gwen Nusike's pet?", "gold": "hamster", "pred": "hamster"}, {"question": "What is Gwen Namuru's lucky number?", "gold": "46", "pred": "57"}, {"question": "What is Aiko Bome's hometown?", "gold": "Lima", "pred": "Lima"}, {"question": "What is Ximena Kidi's door code?", "gold": "1296", "pred": "1234"}, {"question": "What is Jana Revu's job?", "gold": "welder", "pred": "welder"}, {"question": "What is Rafael Tusi's door code?", "gold": "7031", "pred": "4250"}], "event": "eval", "step": 5000, "set": "synthetic_k8", "time": 1788469811.9464326}
{"memory_correct": {"ce": 0.44634327715994004, "em": 0.71875, "f1": 0.71875, "n": 256}, "memory_zero": {"ce": 4.659122891731386, "em": 0.03125, "f1": 0.033203125, "n": 256}, "memory_donor": {"ce": 1.6345294579441543, "em": 0.08203125, "f1": 0.08203125, "n": 256}, "base_in_context": {"ce": 0.003060471701203049, "em": 1.0, "f1": 1.0, "n": 256}, "mem_mass": {"4": 0.10446789860725403, "8": 0.09916805848479271, "12": 0.1016623042523861, "15": 0.23862049169838428, "19": 0.10597102623432875, "23": 0.07510183611884713}, "samples": [{"question": "What is Dev Kori's favorite fruit?", "gold": "apple", "pred": "apple"}, {"question": "What is Noor Lulidi's hometown?", "gold": "Oslo", "pred": "Oslo"}, {"question": "What is Bram Ladusa's instrument?", "gold": "piano", "pred": "piano"}, {"question": "What is Hamza Modavi's favorite fruit?", "gold": "grape", "pred": "grape"}, {"question": "What is Aiko Merosu's sport?", "gold": "fencing", "pred": "fencing"}, {"question": "What is Dani Turi's lucky number?", "gold": "21", "pred": "21"}, {"question": "What is Wanda Mona's sport?", "gold": "rugby", "pred": "rugby"}, {"question": "What is Eyal Voremu's instrument?", "gold": "cello", "pred": "cello"}], "event": "eval", "step": 5000, "set": "synthetic_k4", "time": 1788469834.2499015}
{"memory_correct": {"ce": 0.6811021696439639, "em": 0.49609375, "f1": 0.49609375, "n": 256}, "memory_zero": {"ce": 4.723327737185173, "em": 0.03125, "f1": 0.03515625, "n": 256}, "memory_donor": {"ce": 1.5414888352279377, "em": 0.0625, "f1": 0.0625, "n": 256}, "base_in_context": {"ce": 0.0035145777096130537, "em": 1.0, "f1": 1.0, "n": 256}, "mem_mass": {"4": 0.10605569556355476, "8": 0.1030507879331708, "12": 0.10409955494105816, "15": 0.24236553721129894, "19": 0.10982229467481375, "23": 0.07771077612414956}, "samples": [{"question": "What is Dani Mani's car?", "gold": "Peugeot", "pred": "Peugeot"}, {"question": "What is Viktor Desi's favorite color?", "gold": "red", "pred": "red"}, {"question": "What is Jana Meki's door code?", "gold": "8363", "pred": "7510"}, {"question": "What is Ximena Mamune's sport?", "gold": "golf", "pred": "golf"}, {"question": "What is Viktor Lasomo's favorite color?", "gold": "orange", "pred": "yellow"}, {"question": "What is Eyal Delune's birth month?", "gold": "February", "pred": "November"}, {"question": "What is Amara Kali's favorite color?", "gold": "brown", "pred": "brown"}, {"question": "What is Viktor Revosi's birth month?", "gold": "April", "pred": "May"}], "event": "eval", "step": 5000, "set": "synthetic_k16", "time": 1788469865.0348628}
{"event": "train", "step": 5010, "loss": 0.6363468170166016, "lr": 0.0005631255074796674, "grad_norm": 0.9221716523170471, "mem_mass_mean": 0.1345930149157842, "elapsed": 4864.919517278671, "time": 1788469873.0908678}
{"event": "train", "step": 5020, "loss": 0.4598008990287781, "lr": 0.0005616834882220541, "grad_norm": 0.7107023596763611, "mem_mass_mean": 0.10198191553354263, "elapsed": 4873.025709629059, "time": 1788469881.1970615}
{"event": "train", "step": 5030, "loss": 0.6330775618553162, "lr": 0.0005602413488985227, "grad_norm": 0.7363853454589844, "mem_mass_mean": 0.09072144205371539, "elapsed": 4881.122586965561, "time": 1788469889.2939398}
{"event": "train", "step": 5040, "loss": 1.2265735864639282, "lr": 0.0005587991043292855, "grad_norm": 12.977767944335938, "mem_mass_mean": 0.09399131995936234, "elapsed": 4890.426488161087, "time": 1788469898.59784}
{"event": "train", "step": 5050, "loss": 0.6563422083854675, "lr": 0.0005573567693356373, "grad_norm": 0.7138714790344238, "mem_mass_mean": 0.10631952621042728, "elapsed": 4899.9460463523865, "time": 1788469908.1173987}
{"event": "train", "step": 5060, "loss": 0.4445454478263855, "lr": 0.0005559143587398016, "grad_norm": 0.37864744663238525, "mem_mass_mean": 0.13529028495152792, "elapsed": 4909.142803668976, "time": 1788469917.314156}
{"event": "train", "step": 5070, "loss": 0.7608258724212646, "lr": 0.000554471887364779, "grad_norm": 0.8121329545974731, "mem_mass_mean": 0.14999901379148164, "elapsed": 4918.795613527298, "time": 1788469926.9669657}
{"event": "train", "step": 5080, "loss": 0.7001748085021973, "lr": 0.0005530293700341948, "grad_norm": 3.1170127391815186, "mem_mass_mean": 0.10446097080906232, "elapsed": 4928.332363843918, "time": 1788469936.5037143}
{"event": "train", "step": 5090, "loss": 0.7485093474388123, "lr": 0.0005515868215721465, "grad_norm": 0.40553638339042664, "mem_mass_mean": 0.12587323412299156, "elapsed": 4937.993002414703, "time": 1788469946.1643543}
{"event": "train", "step": 5100, "loss": 0.6514038443565369, "lr": 0.0005501442568030513, "grad_norm": 0.4854106903076172, "mem_mass_mean": 0.11772299185395241, "elapsed": 4947.452521800995, "time": 1788469955.6238728}
{"event": "train", "step": 5110, "loss": 0.8410803079605103, "lr": 0.0005487016905514943, "grad_norm": 0.6153272986412048, "mem_mass_mean": 0.09056780176858108, "elapsed": 4956.968590974808, "time": 1788469965.1399438}
{"event": "train", "step": 5120, "loss": 1.0455617904663086, "lr": 0.0005472591376420756, "grad_norm": 0.5443019270896912, "mem_mass_mean": 0.12559490899244943, "elapsed": 4966.573181629181, "time": 1788469974.744532}
{"event": "train", "step": 5130, "loss": 0.35004785656929016, "lr": 0.0005458166128992583, "grad_norm": 0.5752251744270325, "mem_mass_mean": 0.07883850981791814, "elapsed": 4976.210978984833, "time": 1788469984.3823311}
{"event": "train", "step": 5140, "loss": 0.7287309765815735, "lr": 0.0005443741311472162, "grad_norm": 0.7597265243530273, "mem_mass_mean": 0.13856671253840128, "elapsed": 4985.7213661670685, "time": 1788469993.892717}
{"event": "train", "step": 5150, "loss": 0.5092756152153015, "lr": 0.0005429317072096808, "grad_norm": 0.8003999590873718, "mem_mass_mean": 0.12672038127978644, "elapsed": 4994.941762924194, "time": 1788470003.1131148}
{"event": "train", "step": 5160, "loss": 0.767540454864502, "lr": 0.0005414893559097901, "grad_norm": 0.6715331673622131, "mem_mass_mean": 0.11028805623451869, "elapsed": 5004.33611369133, "time": 1788470012.5074642}
{"event": "train", "step": 5170, "loss": 0.46132785081863403, "lr": 0.0005400470920699352, "grad_norm": 0.45566704869270325, "mem_mass_mean": 0.10946117714047432, "elapsed": 5013.703675270081, "time": 1788470021.8750274}
{"event": "train", "step": 5180, "loss": 0.3769947588443756, "lr": 0.0005386049305116087, "grad_norm": 0.6884172558784485, "mem_mass_mean": 0.07692219658444326, "elapsed": 5023.4095294475555, "time": 1788470031.5808814}
{"event": "train", "step": 5190, "loss": 0.3989501893520355, "lr": 0.0005371628860552518, "grad_norm": 0.5188058018684387, "mem_mass_mean": 0.12070177122950554, "elapsed": 5032.892810821533, "time": 1788470041.0641634}
{"event": "train", "step": 5200, "loss": 0.49500301480293274, "lr": 0.0005357209735201027, "grad_norm": 0.41294458508491516, "mem_mass_mean": 0.11449723814924558, "elapsed": 5042.19095492363, "time": 1788470050.3623073}
{"event": "train", "step": 5210, "loss": 0.20066124200820923, "lr": 0.0005342792077240434, "grad_norm": 0.21076549589633942, "mem_mass_mean": 0.09586369680861632, "elapsed": 5051.835397005081, "time": 1788470060.0067487}
{"event": "train", "step": 5220, "loss": 0.4447224736213684, "lr": 0.0005328376034834481, "grad_norm": 0.5813642144203186, "mem_mass_mean": 0.14167617137233415, "elapsed": 5061.499870300293, "time": 1788470069.6712222}
{"event": "train", "step": 5230, "loss": 0.3070749342441559, "lr": 0.0005313961756130311, "grad_norm": 0.2953951954841614, "mem_mass_mean": 0.11640088881055514, "elapsed": 5070.6792068481445, "time": 1788470078.8505595}
{"event": "train", "step": 5240, "loss": 0.5643276572227478, "lr": 0.0005299549389256938, "grad_norm": 0.26148465275764465, "mem_mass_mean": 0.11235473801692326, "elapsed": 5080.143315792084, "time": 1788470088.3146677}
{"event": "train", "step": 5250, "loss": 0.3566705286502838, "lr": 0.0005285139082323731, "grad_norm": 0.5378009080886841, "mem_mass_mean": 0.103013942639033, "elapsed": 5089.658579826355, "time": 1788470097.8299322}
{"event": "train", "step": 5260, "loss": 0.4685089886188507, "lr": 0.000527073098341889, "grad_norm": 0.6578990817070007, "mem_mass_mean": 0.08292384694019954, "elapsed": 5099.089597463608, "time": 1788470107.2609499}
{"event": "train", "step": 5270, "loss": 0.3248679041862488, "lr": 0.0005256325240607924, "grad_norm": 0.6562627553939819, "mem_mass_mean": 0.09199393664797147, "elapsed": 5108.597633123398, "time": 1788470116.7689855}
{"event": "train", "step": 5280, "loss": 0.6193365454673767, "lr": 0.000524192200193213, "grad_norm": 0.4610593318939209, "mem_mass_mean": 0.089740339666605, "elapsed": 5118.096942901611, "time": 1788470126.2682989}
{"event": "train", "step": 5290, "loss": 0.29508209228515625, "lr": 0.0005227521415407069, "grad_norm": 0.47266778349876404, "mem_mass_mean": 0.09299729019403458, "elapsed": 5127.61092543602, "time": 1788470135.782277}
{"event": "train", "step": 5300, "loss": 0.3856377899646759, "lr": 0.0005213123629021049, "grad_norm": 0.5954753160476685, "mem_mass_mean": 0.09774272019664447, "elapsed": 5136.96240735054, "time": 1788470145.1337597}
{"event": "train", "step": 5310, "loss": 0.44523292779922485, "lr": 0.0005198728790733599, "grad_norm": 0.3608481287956238, "mem_mass_mean": 0.10139177242914836, "elapsed": 5146.575991630554, "time": 1788470154.7473426}
{"event": "train", "step": 5320, "loss": 0.7093555927276611, "lr": 0.0005184337048473958, "grad_norm": 0.7073933482170105, "mem_mass_mean": 0.1290796734392643, "elapsed": 5156.162752628326, "time": 1788470164.3341043}
{"event": "train", "step": 5330, "loss": 0.25031664967536926, "lr": 0.0005169948550139544, "grad_norm": 0.5690357685089111, "mem_mass_mean": 0.09670149224499862, "elapsed": 5165.520565032959, "time": 1788470173.691917}
{"event": "train", "step": 5340, "loss": 0.6447979211807251, "lr": 0.0005155563443594439, "grad_norm": 0.5836595892906189, "mem_mass_mean": 0.11727961773673694, "elapsed": 5174.962329864502, "time": 1788470183.133682}
{"event": "train", "step": 5350, "loss": 0.7333602905273438, "lr": 0.000514118187666787, "grad_norm": 0.47344356775283813, "mem_mass_mean": 0.13096089661121368, "elapsed": 5184.42862200737, "time": 1788470192.5999734}
{"event": "train", "step": 5360, "loss": 0.2514742612838745, "lr": 0.0005126803997152686, "grad_norm": 0.40307527780532837, "mem_mass_mean": 0.07553878581772248, "elapsed": 5194.0061757564545, "time": 1788470202.1775286}
{"event": "train", "step": 5370, "loss": 0.6463028788566589, "lr": 0.000511242995280385, "grad_norm": 0.4595622420310974, "mem_mass_mean": 0.11387033263842265, "elapsed": 5203.323002338409, "time": 1788470211.4943547}
{"event": "train", "step": 5380, "loss": 0.4420793354511261, "lr": 0.0005098059891336905, "grad_norm": 1.0578458309173584, "mem_mass_mean": 0.1382695659995079, "elapsed": 5212.828337669373, "time": 1788470220.9996955}
{"event": "train", "step": 5390, "loss": 0.5824205279350281, "lr": 0.0005083693960426465, "grad_norm": 0.6194251775741577, "mem_mass_mean": 0.10935894772410393, "elapsed": 5222.297353029251, "time": 1788470230.4687083}
{"event": "train", "step": 5400, "loss": 0.5286098718643188, "lr": 0.0005069332307704697, "grad_norm": 0.7951516509056091, "mem_mass_mean": 0.1096115658680598, "elapsed": 5231.812566041946, "time": 1788470239.9839191}
{"event": "train", "step": 5410, "loss": 0.4836603105068207, "lr": 0.0005054975080759805, "grad_norm": 0.3291672468185425, "mem_mass_mean": 0.07238002059360345, "elapsed": 5241.205542564392, "time": 1788470249.3768945}
{"event": "train", "step": 5420, "loss": 0.7289608716964722, "lr": 0.000504062242713451, "grad_norm": 0.8077419996261597, "mem_mass_mean": 0.12000745659073193, "elapsed": 5250.780589342117, "time": 1788470258.9519424}
{"event": "train", "step": 5430, "loss": 0.2974404990673065, "lr": 0.0005026274494324533, "grad_norm": 0.6793570518493652, "mem_mass_mean": 0.09916129956642787, "elapsed": 5260.333213329315, "time": 1788470268.5045652}
{"event": "train", "step": 5440, "loss": 0.6256527304649353, "lr": 0.0005011931429777084, "grad_norm": 0.4051768183708191, "mem_mass_mean": 0.11600605895121892, "elapsed": 5269.722102403641, "time": 1788470277.8934548}
{"event": "train", "step": 5450, "loss": 0.255570650100708, "lr": 0.0004997593380889342, "grad_norm": 0.5277287364006042, "mem_mass_mean": 0.12027239799499512, "elapsed": 5279.145330905914, "time": 1788470287.3166833}
{"event": "train", "step": 5460, "loss": 0.7691023945808411, "lr": 0.0004983260495006946, "grad_norm": 0.4546722173690796, "mem_mass_mean": 0.10615965848167737, "elapsed": 5288.457583665848, "time": 1788470296.6289377}
{"event": "train", "step": 5470, "loss": 0.44753456115722656, "lr": 0.0004968932919422474, "grad_norm": 0.9659952521324158, "mem_mass_mean": 0.09972792863845825, "elapsed": 5297.8624539375305, "time": 1788470306.0338068}
{"event": "train", "step": 5480, "loss": 0.5100550055503845, "lr": 0.000495461080137393, "grad_norm": 0.486316442489624, "mem_mass_mean": 0.11867247025171916, "elapsed": 5307.315710067749, "time": 1788470315.4870627}
{"event": "train", "step": 5490, "loss": 0.7851271629333496, "lr": 0.0004940294288043239, "grad_norm": 0.4922069013118744, "mem_mass_mean": 0.11937364314993222, "elapsed": 5316.640794992447, "time": 1788470324.8121476}
{"event": "train", "step": 5500, "loss": 0.4281933605670929, "lr": 0.0004925983526554724, "grad_norm": 1.4233179092407227, "mem_mass_mean": 0.09133324213325977, "elapsed": 5326.04145526886, "time": 1788470334.2128081}
{"event": "train", "step": 5510, "loss": 0.35908058285713196, "lr": 0.0004911678663973605, "grad_norm": 0.49074944853782654, "mem_mass_mean": 0.13756094500422478, "elapsed": 5335.693039417267, "time": 1788470343.86439}
{"event": "train", "step": 5520, "loss": 0.431352436542511, "lr": 0.0004897379847304474, "grad_norm": 0.4863925278186798, "mem_mass_mean": 0.12105152383446693, "elapsed": 5345.024636030197, "time": 1788470353.195989}
{"event": "train", "step": 5530, "loss": 0.3476535379886627, "lr": 0.0004883087223489797, "grad_norm": 0.4402379095554352, "mem_mass_mean": 0.10313778308530648, "elapsed": 5354.37056851387, "time": 1788470362.5419202}
{"event": "train", "step": 5540, "loss": 0.21039576828479767, "lr": 0.0004868800939408398, "grad_norm": 0.4187736213207245, "mem_mass_mean": 0.10275806238253911, "elapsed": 5363.634012699127, "time": 1788470371.8053658}
{"event": "train", "step": 5550, "loss": 0.6107730269432068, "lr": 0.000485452114187395, "grad_norm": 0.4907197654247284, "mem_mass_mean": 0.10310411204894383, "elapsed": 5373.175816774368, "time": 1788470381.3471692}
{"event": "train", "step": 5560, "loss": 0.5084630250930786, "lr": 0.00048402479776334676, "grad_norm": 0.5509377717971802, "mem_mass_mean": 0.14029722784956297, "elapsed": 5382.655091285706, "time": 1788470390.826446}
{"event": "train", "step": 5570, "loss": 0.37784475088119507, "lr": 0.00048259815933657935, "grad_norm": 0.8223621249198914, "mem_mass_mean": 0.07403512081752221, "elapsed": 5392.461656332016, "time": 1788470400.6330106}
{"event": "train", "step": 5580, "loss": 0.3728903830051422, "lr": 0.0004811722135680102, "grad_norm": 0.5820245146751404, "mem_mass_mean": 0.14161879072586694, "elapsed": 5401.849645137787, "time": 1788470410.0209982}
{"event": "train", "step": 5590, "loss": 0.24555274844169617, "lr": 0.0004797469751114383, "grad_norm": 0.8668807744979858, "mem_mass_mean": 0.13784520079692206, "elapsed": 5411.208091974258, "time": 1788470419.3794453}
{"event": "train", "step": 5600, "loss": 0.6561399698257446, "lr": 0.00047832245861339394, "grad_norm": 0.6238959431648254, "mem_mass_mean": 0.10912157222628593, "elapsed": 5420.6420814991, "time": 1788470428.8134346}
{"event": "train", "step": 5610, "loss": 0.42930635809898376, "lr": 0.0004768986787129882, "grad_norm": 0.7594510316848755, "mem_mass_mean": 0.13951621452967325, "elapsed": 5430.04306602478, "time": 1788470438.2144182}
{"event": "train", "step": 5620, "loss": 0.32622623443603516, "lr": 0.0004754756500417624, "grad_norm": 1.554919719696045, "mem_mass_mean": 0.1277159328262011, "elapsed": 5439.498713493347, "time": 1788470447.6700664}
{"event": "train", "step": 5630, "loss": 0.7110654711723328, "lr": 0.00047405338722353795, "grad_norm": 0.4605270028114319, "mem_mass_mean": 0.13469688345988592, "elapsed": 5449.049423456192, "time": 1788470457.220774}
{"event": "train", "step": 5640, "loss": 0.5377399921417236, "lr": 0.0004726319048742657, "grad_norm": 0.47028160095214844, "mem_mass_mean": 0.11213356380661328, "elapsed": 5458.461817741394, "time": 1788470466.6331737}
{"event": "train", "step": 5650, "loss": 0.6767417788505554, "lr": 0.0004712112176018764, "grad_norm": 2.553215980529785, "mem_mass_mean": 0.13280722002188364, "elapsed": 5467.875321865082, "time": 1788470476.0466745}
{"event": "train", "step": 5660, "loss": 0.4134717285633087, "lr": 0.00046979134000612954, "grad_norm": 0.3119492530822754, "mem_mass_mean": 0.10432292024294536, "elapsed": 5477.385577917099, "time": 1788470485.5569346}
{"event": "train", "step": 5670, "loss": 0.9755939841270447, "lr": 0.00046837228667846465, "grad_norm": 1.0851887464523315, "mem_mass_mean": 0.1249357375005881, "elapsed": 5486.726153850555, "time": 1788470494.8975065}
{"event": "train", "step": 5680, "loss": 0.622918426990509, "lr": 0.0004669540722018499, "grad_norm": 0.709987461566925, "mem_mass_mean": 0.12146259223421414, "elapsed": 5496.05411529541, "time": 1788470504.2254663}
{"event": "train", "step": 5690, "loss": 0.6873481273651123, "lr": 0.00046553671115063367, "grad_norm": 0.5584155321121216, "mem_mass_mean": 0.10590905013183753, "elapsed": 5504.526868581772, "time": 1788470512.6982195}
{"event": "train", "step": 5700, "loss": 0.8754090070724487, "lr": 0.0004641202180903934, "grad_norm": 1.0906025171279907, "mem_mass_mean": 0.12657428657015166, "elapsed": 5512.60224032402, "time": 1788470520.7735925}
{"event": "train", "step": 5710, "loss": 0.5353983044624329, "lr": 0.0004627046075777872, "grad_norm": 0.41904881596565247, "mem_mass_mean": 0.12531141936779022, "elapsed": 5520.34872508049, "time": 1788470528.5200775}
{"event": "train", "step": 5720, "loss": 0.3942250907421112, "lr": 0.00046128989416040304, "grad_norm": 0.8615579605102539, "mem_mass_mean": 0.14753876502315202, "elapsed": 5528.301688194275, "time": 1788470536.473039}
{"event": "train", "step": 5730, "loss": 0.35264456272125244, "lr": 0.00045987609237661055, "grad_norm": 0.4986001253128052, "mem_mass_mean": 0.10043373207251231, "elapsed": 5536.297336339951, "time": 1788470544.4686892}
{"event": "train", "step": 5740, "loss": 0.5345176458358765, "lr": 0.00045846321675541027, "grad_norm": 1.1001225709915161, "mem_mass_mean": 0.11766793206334114, "elapsed": 5544.20273733139, "time": 1788470552.374089}
{"event": "train", "step": 5750, "loss": 0.3905588388442993, "lr": 0.0004570512818162852, "grad_norm": 0.8280205130577087, "mem_mass_mean": 0.08313156912724178, "elapsed": 5552.03405213356, "time": 1788470560.2054055}
{"event": "train", "step": 5760, "loss": 0.40993770956993103, "lr": 0.0004556403020690514, "grad_norm": 0.6848209500312805, "mem_mass_mean": 0.09903199970722198, "elapsed": 5560.156628608704, "time": 1788470568.3279808}
{"event": "train", "step": 5770, "loss": 0.23079510033130646, "lr": 0.000454230292013709, "grad_norm": 0.31923744082450867, "mem_mass_mean": 0.08206856809556484, "elapsed": 5568.012425899506, "time": 1788470576.183778}
{"event": "train", "step": 5780, "loss": 0.7245010733604431, "lr": 0.00045282126614029286, "grad_norm": 0.6149514317512512, "mem_mass_mean": 0.11900930230816205, "elapsed": 5575.6667330265045, "time": 1788470583.8380847}
{"event": "train", "step": 5790, "loss": 0.33244726061820984, "lr": 0.0004514132389287239, "grad_norm": 0.3968052864074707, "mem_mass_mean": 0.09532457838455836, "elapsed": 5583.513715267181, "time": 1788470591.685067}
{"event": "train", "step": 5800, "loss": 0.17913728952407837, "lr": 0.00045000622484866017, "grad_norm": 0.5381125211715698, "mem_mass_mean": 0.08321912089983623, "elapsed": 5591.429061412811, "time": 1788470599.6004143}
{"event": "train", "step": 5810, "loss": 0.9592298865318298, "lr": 0.0004486002383593484, "grad_norm": 0.6663234829902649, "mem_mass_mean": 0.11078536013762157, "elapsed": 5599.329879999161, "time": 1788470607.5012333}
{"event": "train", "step": 5820, "loss": 0.5629860162734985, "lr": 0.0004471952939094751, "grad_norm": 0.378551185131073, "mem_mass_mean": 0.11955711493889491, "elapsed": 5606.899538516998, "time": 1788470615.0708888}
{"event": "train", "step": 5830, "loss": 0.4343031942844391, "lr": 0.0004457914059370184, "grad_norm": 0.4127101004123688, "mem_mass_mean": 0.11846878627936046, "elapsed": 5614.525834321976, "time": 1788470622.6971862}
{"event": "train", "step": 5840, "loss": 0.5740640163421631, "lr": 0.00044438858886909914, "grad_norm": 0.6796671748161316, "mem_mass_mean": 0.12354681019981702, "elapsed": 5622.371362924576, "time": 1788470630.5427153}
{"event": "train", "step": 5850, "loss": 0.3945932388305664, "lr": 0.00044298685712183307, "grad_norm": 0.45811477303504944, "mem_mass_mean": 0.1203566479186217, "elapsed": 5630.020967960358, "time": 1788470638.1923203}
{"event": "train", "step": 5860, "loss": 0.74821537733078, "lr": 0.00044158622510018296, "grad_norm": 0.7709603309631348, "mem_mass_mean": 0.14459886153539023, "elapsed": 5637.79084944725, "time": 1788470645.9622028}
{"event": "train", "step": 5870, "loss": 0.870732307434082, "lr": 0.0004401867071978097, "grad_norm": 0.7752272486686707, "mem_mass_mean": 0.13189627726872763, "elapsed": 5645.510208845139, "time": 1788470653.681562}
{"event": "train", "step": 5880, "loss": 0.34291303157806396, "lr": 0.0004387883177969253, "grad_norm": 0.4658610224723816, "mem_mass_mean": 0.14529642090201378, "elapsed": 5653.035221815109, "time": 1788470661.2065737}
{"event": "train", "step": 5890, "loss": 0.2154872864484787, "lr": 0.00043739107126814414, "grad_norm": 0.29447221755981445, "mem_mass_mean": 0.10440406451622646, "elapsed": 5660.724996089935, "time": 1788470668.8963485}
{"event": "train", "step": 5900, "loss": 0.8119582533836365, "lr": 0.00043599498197033647, "grad_norm": 0.8034509420394897, "mem_mass_mean": 0.11059904843568802, "elapsed": 5668.405364513397, "time": 1788470676.5767198}
{"event": "train", "step": 5910, "loss": 0.7416910529136658, "lr": 0.0004346000642504797, "grad_norm": 0.664225697517395, "mem_mass_mean": 0.11694985752304395, "elapsed": 5676.08833360672, "time": 1788470684.2596853}
{"event": "train", "step": 5920, "loss": 0.526454508304596, "lr": 0.00043320633244351195, "grad_norm": 0.3377573490142822, "mem_mass_mean": 0.12290994450449944, "elapsed": 5683.679409265518, "time": 1788470691.8507612}
{"event": "train", "step": 5930, "loss": 0.7384544610977173, "lr": 0.0004318138008721835, "grad_norm": 0.37961381673812866, "mem_mass_mean": 0.11728614072004954, "elapsed": 5691.6001970767975, "time": 1788470699.7715492}
{"event": "train", "step": 5940, "loss": 0.5103693604469299, "lr": 0.00043042248384691107, "grad_norm": 0.41035038232803345, "mem_mass_mean": 0.1393223243455092, "elapsed": 5699.64848947525, "time": 1788470707.8198419}
{"event": "train", "step": 5950, "loss": 0.5309126973152161, "lr": 0.0004290323956656296, "grad_norm": 0.5124008655548096, "mem_mass_mean": 0.0710912924259901, "elapsed": 5707.638440608978, "time": 1788470715.809793}
{"event": "train", "step": 5960, "loss": 0.7067928910255432, "lr": 0.0004276435506136461, "grad_norm": 0.2933185398578644, "mem_mass_mean": 0.1025283361474673, "elapsed": 5715.585658311844, "time": 1788470723.7570107}
{"event": "train", "step": 5970, "loss": 0.5894630551338196, "lr": 0.0004262559629634922, "grad_norm": 0.3490736782550812, "mem_mass_mean": 0.09705421514809132, "elapsed": 5723.651788234711, "time": 1788470731.8231404}
{"event": "train", "step": 5980, "loss": 0.5492830276489258, "lr": 0.0004248696469747779, "grad_norm": 0.38306450843811035, "mem_mass_mean": 0.12654728690783182, "elapsed": 5731.876958847046, "time": 1788470740.048312}
{"event": "train", "step": 5990, "loss": 0.6064735054969788, "lr": 0.00042348461689404503, "grad_norm": 0.6107462644577026, "mem_mass_mean": 0.10550211866696675, "elapsed": 5739.991364240646, "time": 1788470748.1627157}
{"event": "train", "step": 6000, "loss": 0.9627606868743896, "lr": 0.00042210088695462066, "grad_norm": 0.6269052624702454, "mem_mass_mean": 0.11456182474891345, "elapsed": 5748.192573308945, "time": 1788470756.3639247}
{"memory_correct": {"ce": 0.5815993075455026, "em": 0.5859375, "f1": 0.5859375, "n": 256}, "memory_zero": {"ce": 4.802775196352741, "em": 0.03125, "f1": 0.035416666666666666, "n": 256}, "memory_donor": {"ce": 1.6701172432112799, "em": 0.0546875, "f1": 0.0546875, "n": 256}, "base_in_context": {"ce": 0.0010107289876026826, "em": 1.0, "f1": 1.0, "n": 256}, "mem_mass": {"4": 0.10672308411449194, "8": 0.10071823932230473, "12": 0.10461603850126266, "15": 0.24069697596132755, "19": 0.10299309343099594, "23": 0.07685851911082864}, "samples": [{"question": "What is Hamza Totisa's birth month?", "gold": "October", "pred": "May"}, {"question": "What is Sana Dari's sport?", "gold": "tennis", "pred": "tennis"}, {"question": "What is Gwen Nusike's pet?", "gold": "hamster", "pred": "hamster"}, {"question": "What is Gwen Namuru's lucky number?", "gold": "46", "pred": "43"}, {"question": "What is Aiko Bome's hometown?", "gold": "Lima", "pred": "Lima"}, {"question": "What is Ximena Kidi's door code?", "gold": "1296", "pred": "1234"}, {"question": "What is Jana Revu's job?", "gold": "welder", "pred": "welder"}, {"question": "What is Rafael Tusi's door code?", "gold": "7031", "pred": "8888"}], "event": "eval", "step": 6000, "set": "synthetic_k8", "time": 1788470782.719577}
{"memory_correct": {"ce": 0.4000377860986646, "em": 0.72265625, "f1": 0.72265625, "n": 256}, "memory_zero": {"ce": 4.659122891731386, "em": 0.03125, "f1": 0.033203125, "n": 256}, "memory_donor": {"ce": 1.6415435874187096, "em": 0.046875, "f1": 0.046875, "n": 256}, "base_in_context": {"ce": 0.003060471701203049, "em": 1.0, "f1": 1.0, "n": 256}, "mem_mass": {"4": 0.10464495792984962, "8": 0.0983503321185708, "12": 0.10294703487306833, "15": 0.23719010688364506, "19": 0.1016977559775114, "23": 0.0751209924928844}, "samples": [{"question": "What is Dev Kori's favorite fruit?", "gold": "apple", "pred": "apple"}, {"question": "What is Noor Lulidi's hometown?", "gold": "Oslo", "pred": "Oslo"}, {"question": "What is Bram Ladusa's instrument?", "gold": "piano", "pred": "piano"}, {"question": "What is Hamza Modavi's favorite fruit?", "gold": "grape", "pred": "grape"}, {"question": "What is Aiko Merosu's sport?", "gold": "fencing", "pred": "fencing"}, {"question": "What is Dani Turi's lucky number?", "gold": "21", "pred": "21"}, {"question": "What is Wanda Mona's sport?", "gold": "rugby", "pred": "rugby"}, {"question": "What is Eyal Voremu's instrument?", "gold": "cello", "pred": "cello"}], "event": "eval", "step": 6000, "set": "synthetic_k4", "time": 1788470805.1505876}
{"memory_correct": {"ce": 0.6319422603564817, "em": 0.484375, "f1": 0.484375, "n": 256}, "memory_zero": {"ce": 4.723327737185173, "em": 0.03125, "f1": 0.03515625, "n": 256}, "memory_donor": {"ce": 1.587618956942606, "em": 0.078125, "f1": 0.078125, "n": 256}, "base_in_context": {"ce": 0.0035145777096130537, "em": 1.0, "f1": 1.0, "n": 256}, "mem_mass": {"4": 0.10642189346253872, "8": 0.1025417810305953, "12": 0.10557999275624752, "15": 0.24377643130719662, "19": 0.10293739661574364, "23": 0.07776255859062076}, "samples": [{"question": "What is Dani Mani's car?", "gold": "Peugeot", "pred": "Peugeot"}, {"question": "What is Viktor Desi's favorite color?", "gold": "red", "pred": "teal"}, {"question": "What is Jana Meki's door code?", "gold": "8363", "pred": "3011"}, {"question": "What is Ximena Mamune's sport?", "gold": "golf", "pred": "golf"}, {"question": "What is Viktor Lasomo's favorite color?", "gold": "orange", "pred": "yellow"}, {"question": "What is Eyal Delune's birth month?", "gold": "February", "pred": "November"}, {"question": "What is Amara Kali's favorite color?", "gold": "brown", "pred": "brown"}, {"question": "What is Viktor Revosi's birth month?", "gold": "April", "pred": "May"}], "event": "eval", "step": 6000, "set": "synthetic_k16", "time": 1788470830.4404857}
{"event": "train", "step": 6010, "loss": 0.6514831781387329, "lr": 0.0004207184713764709, "grad_norm": 0.5659748315811157, "mem_mass_mean": 0.12349853167931239, "elapsed": 5829.094327449799, "time": 1788470837.2656798}
{"event": "train", "step": 6020, "loss": 0.7984170913696289, "lr": 0.00041933738436605416, "grad_norm": 0.3433544635772705, "mem_mass_mean": 0.11611750970284145, "elapsed": 5836.968770742416, "time": 1788470845.1401222}
{"event": "train", "step": 6030, "loss": 0.41914087533950806, "lr": 0.00041795764011617697, "grad_norm": 0.4936528503894806, "mem_mass_mean": 0.12287968893845876, "elapsed": 5844.646761894226, "time": 1788470852.8181129}
{"event": "train", "step": 6040, "loss": 0.8033443689346313, "lr": 0.00041657925280584596, "grad_norm": 0.8361364006996155, "mem_mass_mean": 0.11168031394481659, "elapsed": 5852.447705745697, "time": 1788470860.619058}
{"event": "train", "step": 6050, "loss": 0.24659205973148346, "lr": 0.0004152022366001235, "grad_norm": 0.509250283241272, "mem_mass_mean": 0.07797245650241773, "elapsed": 5860.012622594833, "time": 1788470868.1839755}
{"event": "train", "step": 6060, "loss": 0.7750540971755981, "lr": 0.0004138266056499813, "grad_norm": 0.17698602378368378, "mem_mass_mean": 0.1560232900083065, "elapsed": 5867.743514537811, "time": 1788470875.914866}
{"event": "train", "step": 6070, "loss": 0.6397939324378967, "lr": 0.0004124523740921563, "grad_norm": 0.7129319310188293, "mem_mass_mean": 0.1154758632183075, "elapsed": 5875.459185361862, "time": 1788470883.630537}
{"event": "train", "step": 6080, "loss": 0.544978141784668, "lr": 0.00041107955604900384, "grad_norm": 0.6333218812942505, "mem_mass_mean": 0.13517736395200095, "elapsed": 5883.251109600067, "time": 1788470891.4224615}
{"event": "train", "step": 6090, "loss": 0.3752289116382599, "lr": 0.0004097081656283532, "grad_norm": 0.6353554129600525, "mem_mass_mean": 0.07923765107989311, "elapsed": 5891.072847366333, "time": 1788470899.2442}
{"event": "train", "step": 6100, "loss": 0.5736393928527832, "lr": 0.0004083382169233631, "grad_norm": 0.3228601813316345, "mem_mass_mean": 0.12436498204867046, "elapsed": 5898.596541881561, "time": 1788470906.767894}
{"event": "train", "step": 6110, "loss": 0.5837999582290649, "lr": 0.00040696972401237585, "grad_norm": 0.3957071304321289, "mem_mass_mean": 0.10774611122906208, "elapsed": 5906.287742853165, "time": 1788470914.4590945}
{"event": "train", "step": 6120, "loss": 0.5993999242782593, "lr": 0.00040560270095877336, "grad_norm": 0.504374623298645, "mem_mass_mean": 0.12355844055612882, "elapsed": 5913.780130624771, "time": 1788470921.9514828}
{"event": "train", "step": 6130, "loss": 0.32772088050842285, "lr": 0.0004042371618108329, "grad_norm": 0.3329230844974518, "mem_mass_mean": 0.09000038107236226, "elapsed": 5921.3262577056885, "time": 1788470929.4976108}
{"event": "train", "step": 6140, "loss": 0.5516852736473083, "lr": 0.00040287312060158177, "grad_norm": 1.168764591217041, "mem_mass_mean": 0.10333249097069104, "elapsed": 5929.016468524933, "time": 1788470937.187821}
{"event": "train", "step": 6150, "loss": 0.599953830242157, "lr": 0.00040151059134865374, "grad_norm": 0.5743425488471985, "mem_mass_mean": 0.11379038418332736, "elapsed": 5936.751643419266, "time": 1788470944.9229958}
{"event": "train", "step": 6160, "loss": 1.0480008125305176, "lr": 0.00040014958805414534, "grad_norm": 0.6824878454208374, "mem_mass_mean": 0.13491562008857727, "elapsed": 5944.4319388866425, "time": 1788470952.6032896}
{"event": "train", "step": 6170, "loss": 0.5897987484931946, "lr": 0.0003987901247044712, "grad_norm": 0.4940808117389679, "mem_mass_mean": 0.10888594637314479, "elapsed": 5952.092773199081, "time": 1788470960.264126}
{"event": "train", "step": 6180, "loss": 0.5251061916351318, "lr": 0.00039743221527022035, "grad_norm": 0.6720926761627197, "mem_mass_mean": 0.09661653513709705, "elapsed": 5959.680658340454, "time": 1788470967.8520105}
{"event": "train", "step": 6190, "loss": 0.45944178104400635, "lr": 0.0003960758737060135, "grad_norm": 0.3782104253768921, "mem_mass_mean": 0.09808114357292652, "elapsed": 5967.185839176178, "time": 1788470975.3571908}
{"event": "train", "step": 6200, "loss": 0.7186524271965027, "lr": 0.0003947211139503585, "grad_norm": 0.9638665914535522, "mem_mass_mean": 0.1579979620873928, "elapsed": 5974.855357646942, "time": 1788470983.0267081}
{"event": "train", "step": 6210, "loss": 0.33801984786987305, "lr": 0.00039336794992550803, "grad_norm": 0.23482510447502136, "mem_mass_mean": 0.0826519758750995, "elapsed": 5982.440158605576, "time": 1788470990.61151}
{"event": "train", "step": 6220, "loss": 0.4429042637348175, "lr": 0.00039201639553731614, "grad_norm": 0.6853905320167542, "mem_mass_mean": 0.10814161784946918, "elapsed": 5989.949448347092, "time": 1788470998.1207995}
{"event": "train", "step": 6230, "loss": 0.3713368773460388, "lr": 0.00039066646467509546, "grad_norm": 0.5682817101478577, "mem_mass_mean": 0.10158289223909378, "elapsed": 5997.438335418701, "time": 1788471005.6096883}
{"event": "train", "step": 6240, "loss": 0.5583116412162781, "lr": 0.00038931817121147397, "grad_norm": 0.6776522994041443, "mem_mass_mean": 0.10192280759414037, "elapsed": 6004.926731586456, "time": 1788471013.0980835}
{"event": "train", "step": 6250, "loss": 0.5415067076683044, "lr": 0.00038797152900225316, "grad_norm": 6.342323303222656, "mem_mass_mean": 0.08764238655567169, "elapsed": 6012.558705568314, "time": 1788471020.7300606}
{"event": "train", "step": 6260, "loss": 0.5961875915527344, "lr": 0.0003866265518862655, "grad_norm": 0.49951791763305664, "mem_mass_mean": 0.11870358511805534, "elapsed": 6020.025726556778, "time": 1788471028.1970787}
{"event": "train", "step": 6270, "loss": 0.5996235013008118, "lr": 0.00038528325368523167, "grad_norm": 0.5954186916351318, "mem_mass_mean": 0.11698762824138005, "elapsed": 6027.645221948624, "time": 1788471035.8165739}
{"event": "train", "step": 6280, "loss": 0.5292335748672485, "lr": 0.000383941648203619, "grad_norm": 0.6655848622322083, "mem_mass_mean": 0.09146999691923459, "elapsed": 6035.213020086288, "time": 1788471043.384372}
{"event": "train", "step": 6290, "loss": 0.5262777209281921, "lr": 0.00038260174922849976, "grad_norm": 2.840167999267578, "mem_mass_mean": 0.11590364078680675, "elapsed": 6042.905016183853, "time": 1788471051.0763683}
{"event": "train", "step": 6300, "loss": 0.6952494978904724, "lr": 0.00038126357052940883, "grad_norm": 0.3950856029987335, "mem_mass_mean": 0.13255647321542105, "elapsed": 6050.538769006729, "time": 1788471058.7101214}
{"event": "train", "step": 6310, "loss": 0.4766477644443512, "lr": 0.0003799271258582029, "grad_norm": 0.608054518699646, "mem_mass_mean": 0.14495117714007696, "elapsed": 6058.144759654999, "time": 1788471066.3161123}
{"event": "train", "step": 6320, "loss": 0.47534552216529846, "lr": 0.0003785924289489188, "grad_norm": 0.36353787779808044, "mem_mass_mean": 0.11741944029927254, "elapsed": 6065.84250664711, "time": 1788471074.013858}
{"event": "train", "step": 6330, "loss": 0.4458816647529602, "lr": 0.0003772594935176321, "grad_norm": 0.4171147346496582, "mem_mass_mean": 0.09628343147536118, "elapsed": 6073.581485748291, "time": 1788471081.7528367}
{"event": "train", "step": 6340, "loss": 0.4220767617225647, "lr": 0.00037592833326231703, "grad_norm": 0.6980462074279785, "mem_mass_mean": 0.08763434117039044, "elapsed": 6081.307224750519, "time": 1788471089.4785771}
{"event": "train", "step": 6350, "loss": 0.4408113360404968, "lr": 0.0003745989618627046, "grad_norm": 0.8103774189949036, "mem_mass_mean": 0.0992114959905545, "elapsed": 6089.014305114746, "time": 1788471097.1856565}
{"event": "train", "step": 6360, "loss": 0.8451083302497864, "lr": 0.0003732713929801428, "grad_norm": 0.748116135597229, "mem_mass_mean": 0.12880038594206175, "elapsed": 6097.002263307571, "time": 1788471105.1736155}
{"event": "train", "step": 6370, "loss": 0.8048008680343628, "lr": 0.00037194564025745593, "grad_norm": 0.4589059054851532, "mem_mass_mean": 0.10584134298066299, "elapsed": 6104.928889751434, "time": 1788471113.1002412}
{"event": "train", "step": 6380, "loss": 0.2397826910018921, "lr": 0.0003706217173188047, "grad_norm": 0.3635290265083313, "mem_mass_mean": 0.09364492570360501, "elapsed": 6112.8006863594055, "time": 1788471120.9720385}
{"event": "train", "step": 6390, "loss": 0.6279165744781494, "lr": 0.00036929963776954536, "grad_norm": 0.3130396604537964, "mem_mass_mean": 0.09541672095656395, "elapsed": 6120.617882013321, "time": 1788471128.789234}
{"event": "train", "step": 6400, "loss": 0.2261226773262024, "lr": 0.0003679794151960908, "grad_norm": 0.5230535268783569, "mem_mass_mean": 0.09828516282141209, "elapsed": 6128.379052639008, "time": 1788471136.5504053}
{"event": "train", "step": 6410, "loss": 0.6460586786270142, "lr": 0.00036666106316577085, "grad_norm": 0.7659974098205566, "mem_mass_mean": 0.1356084942817688, "elapsed": 6136.35111451149, "time": 1788471144.522467}
{"event": "train", "step": 6420, "loss": 0.5292862057685852, "lr": 0.0003653445952266923, "grad_norm": 0.28740355372428894, "mem_mass_mean": 0.12051238243778546, "elapsed": 6144.2032380104065, "time": 1788471152.3745909}
{"event": "train", "step": 6430, "loss": 0.6551797389984131, "lr": 0.0003640300249076002, "grad_norm": 0.6441677808761597, "mem_mass_mean": 0.13483544811606407, "elapsed": 6152.240833759308, "time": 1788471160.412186}
{"event": "train", "step": 6440, "loss": 0.41285327076911926, "lr": 0.0003627173657177382, "grad_norm": 0.44425487518310547, "mem_mass_mean": 0.11646796514590581, "elapsed": 6160.172678947449, "time": 1788471168.3440313}
{"event": "train", "step": 6450, "loss": 0.7310997843742371, "lr": 0.0003614066311467109, "grad_norm": 0.89508455991745, "mem_mass_mean": 0.08961331720153491, "elapsed": 6168.144464969635, "time": 1788471176.3158183}
{"event": "train", "step": 6460, "loss": 0.5546859502792358, "lr": 0.00036009783466434364, "grad_norm": 0.6785992980003357, "mem_mass_mean": 0.12161525338888168, "elapsed": 6176.181929111481, "time": 1788471184.3532817}
{"event": "train", "step": 6470, "loss": 0.14602318406105042, "lr": 0.0003587909897205458, "grad_norm": 0.4874597489833832, "mem_mass_mean": 0.12570810317993164, "elapsed": 6184.12895488739, "time": 1788471192.3003056}
{"event": "train", "step": 6480, "loss": 0.46221327781677246, "lr": 0.00035748610974517027, "grad_norm": 0.5339903831481934, "mem_mass_mean": 0.12100122993191083, "elapsed": 6191.917189836502, "time": 1788471200.088542}
{"event": "train", "step": 6490, "loss": 0.5499827265739441, "lr": 0.00035618320814787853, "grad_norm": 0.7360845804214478, "mem_mass_mean": 0.08599302731454372, "elapsed": 6199.77388215065, "time": 1788471207.9452348}
{"event": "train", "step": 6500, "loss": 0.6836236715316772, "lr": 0.0003548822983179999, "grad_norm": 0.5332511067390442, "mem_mass_mean": 0.13902235900362334, "elapsed": 6207.577818632126, "time": 1788471215.7491713}
{"event": "train", "step": 6510, "loss": 0.4257754981517792, "lr": 0.00035358339362439575, "grad_norm": 0.5847095847129822, "mem_mass_mean": 0.0911367895702521, "elapsed": 6215.552387237549, "time": 1788471223.723739}
{"event": "train", "step": 6520, "loss": 0.3257112503051758, "lr": 0.0003522865074153218, "grad_norm": 0.5307289361953735, "mem_mass_mean": 0.09626556498308976, "elapsed": 6223.458552122116, "time": 1788471231.6299047}
{"event": "train", "step": 6530, "loss": 0.5264092087745667, "lr": 0.00035099165301828993, "grad_norm": 0.5089525580406189, "mem_mass_mean": 0.0811476403226455, "elapsed": 6231.931119441986, "time": 1788471240.1024718}
{"event": "train", "step": 6540, "loss": 0.594819962978363, "lr": 0.00034969884373993297, "grad_norm": 0.6746788620948792, "mem_mass_mean": 0.08285800615946452, "elapsed": 6240.758845090866, "time": 1788471248.9301968}
{"event": "train", "step": 6550, "loss": 0.2256634682416916, "lr": 0.0003484080928658662, "grad_norm": 0.5522387027740479, "mem_mass_mean": 0.09794539647797744, "elapsed": 6249.55775308609, "time": 1788471257.7291057}
{"event": "train", "step": 6560, "loss": 0.44468483328819275, "lr": 0.0003471194136605523, "grad_norm": 0.5497875809669495, "mem_mass_mean": 0.14397340019543967, "elapsed": 6258.453176736832, "time": 1788471266.624529}
{"event": "train", "step": 6570, "loss": 0.20201188325881958, "lr": 0.00034583281936716344, "grad_norm": 0.4284791052341461, "mem_mass_mean": 0.07901315080622832, "elapsed": 6267.501938343048, "time": 1788471275.6732905}
{"event": "train", "step": 6580, "loss": 0.5344322323799133, "lr": 0.000344548323207447, "grad_norm": 0.8886985778808594, "mem_mass_mean": 0.12442008902629216, "elapsed": 6276.358739614487, "time": 1788471284.5300953}
{"event": "train", "step": 6590, "loss": 0.5361248254776001, "lr": 0.0003432659383815881, "grad_norm": 0.8409170508384705, "mem_mass_mean": 0.11988137041529019, "elapsed": 6285.352056980133, "time": 1788471293.5234091}
{"event": "train", "step": 6600, "loss": 0.6150563955307007, "lr": 0.0003419856780680753, "grad_norm": 0.40095505118370056, "mem_mass_mean": 0.13828199108441672, "elapsed": 6294.469053506851, "time": 1788471302.6404052}
{"event": "train", "step": 6610, "loss": 0.3200477957725525, "lr": 0.000340707555423564, "grad_norm": 0.5736765265464783, "mem_mass_mean": 0.12378610546390216, "elapsed": 6303.416277647018, "time": 1788471311.5876298}
{"event": "train", "step": 6620, "loss": 0.4764730632305145, "lr": 0.0003394315835827421, "grad_norm": 0.31893226504325867, "mem_mass_mean": 0.1440087022880713, "elapsed": 6312.5335030555725, "time": 1788471320.7048538}
{"event": "train", "step": 6630, "loss": 0.5037556290626526, "lr": 0.00033815777565819404, "grad_norm": 0.8614578247070312, "mem_mass_mean": 0.08645334653556347, "elapsed": 6321.404023647308, "time": 1788471329.575377}
{"event": "train", "step": 6640, "loss": 0.25528204441070557, "lr": 0.00033688614474026757, "grad_norm": 0.38045454025268555, "mem_mass_mean": 0.10423479229211807, "elapsed": 6330.245768070221, "time": 1788471338.4171202}
{"event": "train", "step": 6650, "loss": 0.6533822417259216, "lr": 0.00033561670389693765, "grad_norm": 0.3048800528049469, "mem_mass_mean": 0.12702557941277823, "elapsed": 6339.178405046463, "time": 1788471347.3497574}
{"event": "train", "step": 6660, "loss": 0.6633923053741455, "lr": 0.0003343494661736729, "grad_norm": 0.4695567786693573, "mem_mass_mean": 0.13275678207476935, "elapsed": 6348.246440649033, "time": 1788471356.4177928}
{"event": "train", "step": 6670, "loss": 0.25652506947517395, "lr": 0.000333084444593302, "grad_norm": 0.3411667048931122, "mem_mass_mean": 0.09466210814813773, "elapsed": 6357.225782394409, "time": 1788471365.397135}
{"event": "train", "step": 6680, "loss": 0.972078263759613, "lr": 0.00033182165215587856, "grad_norm": 0.27276137471199036, "mem_mass_mean": 0.12215316419800122, "elapsed": 6366.109907150269, "time": 1788471374.281259}
{"event": "train", "step": 6690, "loss": 0.6171348690986633, "lr": 0.000330561101838549, "grad_norm": 0.5052831172943115, "mem_mass_mean": 0.11022769659757614, "elapsed": 6375.105483293533, "time": 1788471383.276835}
{"event": "train", "step": 6700, "loss": 0.4905478060245514, "lr": 0.00032930280659541786, "grad_norm": 0.7207132577896118, "mem_mass_mean": 0.1274237148463726, "elapsed": 6384.163400888443, "time": 1788471392.334752}
{"event": "train", "step": 6710, "loss": 0.5647122859954834, "lr": 0.00032804677935741603, "grad_norm": 0.4993782043457031, "mem_mass_mean": 0.13474826390544573, "elapsed": 6393.07039308548, "time": 1788471401.2417452}
{"event": "train", "step": 6720, "loss": 0.7431282997131348, "lr": 0.0003267930330321662, "grad_norm": 0.6482933759689331, "mem_mass_mean": 0.13620631396770477, "elapsed": 6401.8448486328125, "time": 1788471410.016201}
{"event": "train", "step": 6730, "loss": 0.6732222437858582, "lr": 0.00032554158050385223, "grad_norm": 0.4255332350730896, "mem_mass_mean": 0.12348622704545657, "elapsed": 6410.6340391635895, "time": 1788471418.8053923}
{"event": "train", "step": 6740, "loss": 0.32993608713150024, "lr": 0.00032429243463308495, "grad_norm": 0.6322308778762817, "mem_mass_mean": 0.07603708499421676, "elapsed": 6419.443087100983, "time": 1788471427.6144397}
{"event": "train", "step": 6750, "loss": 0.46336600184440613, "lr": 0.0003230456082567706, "grad_norm": 0.7079005241394043, "mem_mass_mean": 0.12519764651854834, "elapsed": 6428.640307664871, "time": 1788471436.81166}
{"event": "train", "step": 6760, "loss": 0.5548871755599976, "lr": 0.00032180111418797963, "grad_norm": 0.5584907531738281, "mem_mass_mean": 0.09995377312103908, "elapsed": 6437.657545089722, "time": 1788471445.8288968}
{"event": "train", "step": 6770, "loss": 0.3430159091949463, "lr": 0.00032055896521581393, "grad_norm": 0.37223702669143677, "mem_mass_mean": 0.13276638835668564, "elapsed": 6446.394455432892, "time": 1788471454.5658078}
{"event": "train", "step": 6780, "loss": 0.6956609487533569, "lr": 0.00031931917410527624, "grad_norm": 0.7212147116661072, "mem_mass_mean": 0.1232206088801225, "elapsed": 6455.167092323303, "time": 1788471463.3384447}
{"event": "train", "step": 6790, "loss": 0.5890588164329529, "lr": 0.00031808175359713815, "grad_norm": 1.0315461158752441, "mem_mass_mean": 0.12932406614224115, "elapsed": 6464.332321882248, "time": 1788471472.5036726}
{"event": "train", "step": 6800, "loss": 0.4929717183113098, "lr": 0.00031684671640781027, "grad_norm": 0.37603360414505005, "mem_mass_mean": 0.14090300351381302, "elapsed": 6473.183348894119, "time": 1788471481.354701}
{"event": "train", "step": 6810, "loss": 0.515800952911377, "lr": 0.00031561407522921037, "grad_norm": 0.8560264706611633, "mem_mass_mean": 0.1199396625161171, "elapsed": 6481.910575866699, "time": 1788471490.0819285}
{"event": "train", "step": 6820, "loss": 0.5005137324333191, "lr": 0.00031438384272863384, "grad_norm": 0.4815981090068817, "mem_mass_mean": 0.11082656929890315, "elapsed": 6490.996370315552, "time": 1788471499.1677227}
{"event": "train", "step": 6830, "loss": 0.5673761963844299, "lr": 0.0003131560315486232, "grad_norm": 0.4722318649291992, "mem_mass_mean": 0.11216209828853607, "elapsed": 6499.928661823273, "time": 1788471508.1000135}
{"event": "train", "step": 6840, "loss": 0.493069589138031, "lr": 0.00031193065430683775, "grad_norm": 0.8480139970779419, "mem_mass_mean": 0.13115138933062553, "elapsed": 6509.066548109055, "time": 1788471517.2378988}
{"event": "train", "step": 6850, "loss": 0.8212748169898987, "lr": 0.00031070772359592446, "grad_norm": 0.749363362789154, "mem_mass_mean": 0.13046604519089064, "elapsed": 6518.191299676895, "time": 1788471526.3626523}
{"event": "train", "step": 6860, "loss": 0.984825611114502, "lr": 0.000309487251983389, "grad_norm": 3.1042582988739014, "mem_mass_mean": 0.08508690943320592, "elapsed": 6527.229622840881, "time": 1788471535.4009783}
{"event": "train", "step": 6870, "loss": 0.7281703352928162, "lr": 0.00030826925201146504, "grad_norm": 0.38980966806411743, "mem_mass_mean": 0.088699446991086, "elapsed": 6536.194309234619, "time": 1788471544.3656616}
{"event": "train", "step": 6880, "loss": 0.45115354657173157, "lr": 0.0003070537361969872, "grad_norm": 0.9243680834770203, "mem_mass_mean": 0.13337257876992226, "elapsed": 6545.067708730698, "time": 1788471553.2390633}
{"event": "train", "step": 6890, "loss": 0.6081245541572571, "lr": 0.0003058407170312608, "grad_norm": 0.2887842655181885, "mem_mass_mean": 0.11719032128651936, "elapsed": 6554.320930242538, "time": 1788471562.492282}
{"event": "train", "step": 6900, "loss": 0.31813573837280273, "lr": 0.00030463020697993494, "grad_norm": 0.2975216805934906, "mem_mass_mean": 0.09114386265476544, "elapsed": 6563.355675697327, "time": 1788471571.527028}
{"event": "train", "step": 6910, "loss": 0.6465082764625549, "lr": 0.00030342221848287293, "grad_norm": 0.39632469415664673, "mem_mass_mean": 0.10464018024504185, "elapsed": 6572.330067157745, "time": 1788471580.5014193}
{"event": "train", "step": 6920, "loss": 0.537446916103363, "lr": 0.00030221676395402597, "grad_norm": 0.3663068413734436, "mem_mass_mean": 0.1155896708369255, "elapsed": 6581.147361278534, "time": 1788471589.3187132}
{"event": "train", "step": 6930, "loss": 0.34797003865242004, "lr": 0.00030101385578130437, "grad_norm": 0.6507509350776672, "mem_mass_mean": 0.09805748673776786, "elapsed": 6590.305489063263, "time": 1788471598.4768414}
{"event": "train", "step": 6940, "loss": 0.4628825783729553, "lr": 0.00029981350632645034, "grad_norm": 0.2785826027393341, "mem_mass_mean": 0.09218625910580158, "elapsed": 6599.269042730331, "time": 1788471607.440395}
{"event": "train", "step": 6950, "loss": 0.4970703423023224, "lr": 0.00029861572792491225, "grad_norm": 0.6001143455505371, "mem_mass_mean": 0.13955767949422201, "elapsed": 6608.325312137604, "time": 1788471616.4966648}
{"event": "train", "step": 6960, "loss": 0.3439296782016754, "lr": 0.00029742053288571614, "grad_norm": 1.103659987449646, "mem_mass_mean": 0.09529563163717587, "elapsed": 6617.347603797913, "time": 1788471625.518956}
{"event": "train", "step": 6970, "loss": 0.3706865608692169, "lr": 0.00029622793349134047, "grad_norm": 0.45913928747177124, "mem_mass_mean": 0.12231407438715299, "elapsed": 6626.152148485184, "time": 1788471634.3234992}
{"event": "train", "step": 6980, "loss": 0.282153457403183, "lr": 0.0002950379419975888, "grad_norm": 0.43001094460487366, "mem_mass_mean": 0.14462034280101457, "elapsed": 6635.195075035095, "time": 1788471643.3664272}
{"event": "train", "step": 6990, "loss": 0.5222916007041931, "lr": 0.0002938505706334655, "grad_norm": 0.5544871091842651, "mem_mass_mean": 0.1247365598877271, "elapsed": 6643.955367565155, "time": 1788471652.1267197}
{"event": "train", "step": 7000, "loss": 0.3971053957939148, "lr": 0.00029266583160104796, "grad_norm": 0.8096776604652405, "mem_mass_mean": 0.12822803979118666, "elapsed": 6652.866000652313, "time": 1788471661.0373533}
{"memory_correct": {"ce": 0.5730415605447661, "em": 0.5703125, "f1": 0.5703125, "n": 256}, "memory_zero": {"ce": 4.802775196352741, "em": 0.03125, "f1": 0.035416666666666666, "n": 256}, "memory_donor": {"ce": 1.7801640524883169, "em": 0.0546875, "f1": 0.0546875, "n": 256}, "base_in_context": {"ce": 0.0010107289876026826, "em": 1.0, "f1": 1.0, "n": 256}, "mem_mass": {"4": 0.10705991834402084, "8": 0.10020224284380674, "12": 0.10506316740065813, "15": 0.24386660940945148, "19": 0.10280412063002586, "23": 0.07687746314331889}, "samples": [{"question": "What is Hamza Totisa's birth month?", "gold": "October", "pred": "April"}, {"question": "What is Sana Dari's sport?", "gold": "tennis", "pred": "tennis"}, {"question": "What is Gwen Nusike's pet?", "gold": "hamster", "pred": "hamster"}, {"question": "What is Gwen Namuru's lucky number?", "gold": "46", "pred": "34"}, {"question": "What is Aiko Bome's hometown?", "gold": "Lima", "pred": "Lima"}, {"question": "What is Ximena Kidi's door code?", "gold": "1296", "pred": "1234"}, {"question": "What is Jana Revu's job?", "gold": "welder", "pred": "welder"}, {"question": "What is Rafael Tusi's door code?", "gold": "7031", "pred": "8585"}], "event": "eval", "step": 7000, "set": "synthetic_k8", "time": 1788471687.3404362}
{"memory_correct": {"ce": 0.4253780332679753, "em": 0.6875, "f1": 0.6875, "n": 256}, "memory_zero": {"ce": 4.659122891731386, "em": 0.03125, "f1": 0.033203125, "n": 256}, "memory_donor": {"ce": 1.6997480745467328, "em": 0.06640625, "f1": 0.06640625, "n": 256}, "base_in_context": {"ce": 0.003060471701203049, "em": 1.0, "f1": 1.0, "n": 256}, "mem_mass": {"4": 0.1050509586930275, "8": 0.09906052891165018, "12": 0.10344110988080502, "15": 0.2414262294769287, "19": 0.10224533639848232, "23": 0.07512741768732667}, "samples": [{"question": "What is Dev Kori's favorite fruit?", "gold": "apple", "pred": "apple"}, {"question": "What is Noor Lulidi's hometown?", "gold": "Oslo", "pred": "Oslo"}, {"question": "What is Bram Ladusa's instrument?", "gold": "piano", "pred": "piano"}, {"question": "What is Hamza Modavi's favorite fruit?", "gold": "grape", "pred": "grape"}, {"question": "What is Aiko Merosu's sport?", "gold": "fencing", "pred": "fencing"}, {"question": "What is Dani Turi's lucky number?", "gold": "21", "pred": "12"}, {"question": "What is Wanda Mona's sport?", "gold": "rugby", "pred": "rugby"}, {"question": "What is Eyal Voremu's instrument?", "gold": "cello", "pred": "cello"}], "event": "eval", "step": 7000, "set": "synthetic_k4", "time": 1788471709.315759}
{"memory_correct": {"ce": 0.6755689143919881, "em": 0.46875, "f1": 0.46875, "n": 256}, "memory_zero": {"ce": 4.723327737185173, "em": 0.03125, "f1": 0.03515625, "n": 256}, "memory_donor": {"ce": 1.6826779899856774, "em": 0.07421875, "f1": 0.07421875, "n": 256}, "base_in_context": {"ce": 0.0035145777096130537, "em": 1.0, "f1": 1.0, "n": 256}, "mem_mass": {"4": 0.10678933002054691, "8": 0.10099036805331707, "12": 0.1059118052944541, "15": 0.24593480117619038, "19": 0.1020609000697732, "23": 0.07778149889782071}, "samples": [{"question": "What is Dani Mani's car?", "gold": "Peugeot", "pred": "Honda"}, {"question": "What is Viktor Desi's favorite color?", "gold": "red", "pred": "teal"}, {"question": "What is Jana Meki's door code?", "gold": "8363", "pred": "1234"}, {"question": "What is Ximena Mamune's sport?", "gold": "golf", "pred": "golf"}, {"question": "What is Viktor Lasomo's favorite color?", "gold": "orange", "pred": "yellow"}, {"question": "What is Eyal Delune's birth month?", "gold": "February", "pred": "November"}, {"question": "What is Amara Kali's favorite color?", "gold": "brown", "pred": "brown"}, {"question": "What is Viktor Revosi's birth month?", "gold": "April", "pred": "September"}], "event": "eval", "step": 7000, "set": "synthetic_k16", "time": 1788471738.9982307}
{"event": "train", "step": 7010, "loss": 0.36955347657203674, "lr": 0.00029148373707536324, "grad_norm": 0.30886730551719666, "mem_mass_mean": 0.11377606789271037, "elapsed": 6738.742298126221, "time": 1788471746.913651}
{"event": "train", "step": 7020, "loss": 0.731732189655304, "lr": 0.0002903042992042612, "grad_norm": 0.46659648418426514, "mem_mass_mean": 0.12335774550835292, "elapsed": 6746.474907875061, "time": 1788471754.6462607}
{"event": "train", "step": 7030, "loss": 0.7859182953834534, "lr": 0.0002891275301082908, "grad_norm": 0.6254829168319702, "mem_mass_mean": 0.13791637867689133, "elapsed": 6754.527335882187, "time": 1788471762.6987252}
{"event": "train", "step": 7040, "loss": 0.23025551438331604, "lr": 0.0002879534418805755, "grad_norm": 0.4942520260810852, "mem_mass_mean": 0.09494854571918647, "elapsed": 6762.151635885239, "time": 1788471770.3229895}
{"event": "train", "step": 7050, "loss": 0.3625033497810364, "lr": 0.000286782046586688, "grad_norm": 0.6098453998565674, "mem_mass_mean": 0.09618376692136128, "elapsed": 6769.882778644562, "time": 1788471778.0541315}
{"event": "train", "step": 7060, "loss": 0.3492293059825897, "lr": 0.0002856133562645278, "grad_norm": 0.38839858770370483, "mem_mass_mean": 0.11059976493318875, "elapsed": 6777.54162311554, "time": 1788471785.7129762}
{"event": "train", "step": 7070, "loss": 0.42304515838623047, "lr": 0.00028444738292419583, "grad_norm": 0.36355581879615784, "mem_mass_mean": 0.12498148034016292, "elapsed": 6785.598311185837, "time": 1788471793.769686}
{"event": "train", "step": 7080, "loss": 0.5665191411972046, "lr": 0.00028328413854787247, "grad_norm": 0.7702832221984863, "mem_mass_mean": 0.11531542738278706, "elapsed": 6793.264897823334, "time": 1788471801.43625}
{"event": "train", "step": 7090, "loss": 0.515897274017334, "lr": 0.00028212363508969325, "grad_norm": 0.7772349119186401, "mem_mass_mean": 0.11571517338355382, "elapsed": 6801.046276092529, "time": 1788471809.2176287}
{"event": "train", "step": 7100, "loss": 0.6082424521446228, "lr": 0.0002809658844756271, "grad_norm": 0.4605591595172882, "mem_mass_mean": 0.1383779769142469, "elapsed": 6808.8051970005035, "time": 1788471816.9765491}
{"event": "train", "step": 7110, "loss": 0.7241052985191345, "lr": 0.0002798108986033523, "grad_norm": 0.23416496813297272, "mem_mass_mean": 0.11614095667997996, "elapsed": 6816.455502510071, "time": 1788471824.6268578}
{"event": "train", "step": 7120, "loss": 0.5238366723060608, "lr": 0.0002786586893421361, "grad_norm": 0.8490039110183716, "mem_mass_mean": 0.1279352307319641, "elapsed": 6824.222823858261, "time": 1788471832.3941758}
{"event": "train", "step": 7130, "loss": 0.5343982577323914, "lr": 0.0002775092685327112, "grad_norm": 0.44217488169670105, "mem_mass_mean": 0.11385375633835793, "elapsed": 6831.946361541748, "time": 1788471840.1177151}
{"event": "train", "step": 7140, "loss": 0.481123685836792, "lr": 0.0002763626479871551, "grad_norm": 0.6455804705619812, "mem_mass_mean": 0.12008579696218173, "elapsed": 6839.698788642883, "time": 1788471847.8701403}
{"event": "train", "step": 7150, "loss": 0.9056805968284607, "lr": 0.00027521883948876765, "grad_norm": 0.6703998446464539, "mem_mass_mean": 0.12968065217137337, "elapsed": 6847.71911406517, "time": 1788471855.8904698}
{"event": "train", "step": 7160, "loss": 0.49477505683898926, "lr": 0.00027407785479195115, "grad_norm": 0.5894562602043152, "mem_mass_mean": 0.09230506792664528, "elapsed": 6855.923335313797, "time": 1788471864.094687}
{"event": "train", "step": 7170, "loss": 0.27113184332847595, "lr": 0.00027293970562208847, "grad_norm": 0.7003090977668762, "mem_mass_mean": 0.1306515783071518, "elapsed": 6863.94821190834, "time": 1788471872.1196363}
{"event": "train", "step": 7180, "loss": 0.08926734328269958, "lr": 0.0002718044036754234, "grad_norm": 0.33289164304733276, "mem_mass_mean": 0.09816569151977698, "elapsed": 6871.95099067688, "time": 1788471880.1223426}
{"event": "train", "step": 7190, "loss": 0.48062196373939514, "lr": 0.0002706719606189403, "grad_norm": 0.4690802991390228, "mem_mass_mean": 0.14130851378043494, "elapsed": 6880.091255426407, "time": 1788471888.262608}
{"event": "train", "step": 7200, "loss": 0.34805142879486084, "lr": 0.0002695423880902432, "grad_norm": 0.5619626641273499, "mem_mass_mean": 0.10533265645305316, "elapsed": 6888.030044555664, "time": 1788471896.2013972}
{"event": "train", "step": 7210, "loss": 0.33472171425819397, "lr": 0.0002684156976974379, "grad_norm": 0.36682796478271484, "mem_mass_mean": 0.07727683304498593, "elapsed": 6896.241689443588, "time": 1788471904.4130416}
{"event": "train", "step": 7220, "loss": 0.47606196999549866, "lr": 0.00026729190101901115, "grad_norm": 0.36747559905052185, "mem_mass_mean": 0.12425383801261584, "elapsed": 6904.57639837265, "time": 1788471912.7477548}
{"event": "train", "step": 7230, "loss": 0.616892397403717, "lr": 0.0002661710096037129, "grad_norm": 0.9825469851493835, "mem_mass_mean": 0.1179058663547039, "elapsed": 6912.618808269501, "time": 1788471920.7901635}
{"event": "train", "step": 7240, "loss": 0.7529653906822205, "lr": 0.00026505303497043633, "grad_norm": 0.467732310295105, "mem_mass_mean": 0.11130247140924136, "elapsed": 6920.659401416779, "time": 1788471928.830755}
{"event": "train", "step": 7250, "loss": 0.37215766310691833, "lr": 0.00026393798860810093, "grad_norm": 0.3883543014526367, "mem_mass_mean": 0.10219851322472095, "elapsed": 6929.04537820816, "time": 1788471937.2167313}
{"event": "train", "step": 7260, "loss": 0.6356141567230225, "lr": 0.0002628258819755329, "grad_norm": 0.36104080080986023, "mem_mass_mean": 0.09379929428299268, "elapsed": 6937.317054271698, "time": 1788471945.4884062}
{"event": "train", "step": 7270, "loss": 0.6666365265846252, "lr": 0.00026171672650134904, "grad_norm": 0.62985759973526, "mem_mass_mean": 0.1190778302649657, "elapsed": 6945.401380062103, "time": 1788471953.5727406}
{"event": "train", "step": 7280, "loss": 0.3516668379306793, "lr": 0.0002606105335838376, "grad_norm": 0.4553092122077942, "mem_mass_mean": 0.09499093828101952, "elapsed": 6953.981602668762, "time": 1788471962.152955}
{"event": "train", "step": 7290, "loss": 0.26850661635398865, "lr": 0.00025950731459084233, "grad_norm": 0.6396065354347229, "mem_mass_mean": 0.10956830034653346, "elapsed": 6963.282249689102, "time": 1788471971.4536002}
{"event": "train", "step": 7300, "loss": 0.4241819679737091, "lr": 0.00025840708085964547, "grad_norm": 0.22074361145496368, "mem_mass_mean": 0.12735281139612198, "elapsed": 6972.234652757645, "time": 1788471980.4060128}
{"event": "train", "step": 7310, "loss": 0.5445327162742615, "lr": 0.0002573098436968507, "grad_norm": 0.39249539375305176, "mem_mass_mean": 0.10621466053028901, "elapsed": 6981.387697696686, "time": 1788471989.559051}
{"event": "train", "step": 7320, "loss": 0.4765738248825073, "lr": 0.00025621561437826784, "grad_norm": 0.3970598876476288, "mem_mass_mean": 0.12485399469733238, "elapsed": 6990.31095790863, "time": 1788471998.4823549}
{"event": "train", "step": 7330, "loss": 0.4661247432231903, "lr": 0.0002551244041487959, "grad_norm": 0.3670271337032318, "mem_mass_mean": 0.11735102161765099, "elapsed": 6999.449414730072, "time": 1788472007.6207657}
{"event": "train", "step": 7340, "loss": 0.11330942809581757, "lr": 0.00025403622422230844, "grad_norm": 0.5142084956169128, "mem_mass_mean": 0.08180166346331437, "elapsed": 7008.594921350479, "time": 1788472016.7662733}
{"event": "train", "step": 7350, "loss": 0.2473922222852707, "lr": 0.0002529510857815377, "grad_norm": 0.5132442116737366, "mem_mass_mean": 0.1002148799598217, "elapsed": 7017.731258153915, "time": 1788472025.902611}
{"event": "train", "step": 7360, "loss": 0.5209649205207825, "lr": 0.0002518689999779604, "grad_norm": 0.4174329936504364, "mem_mass_mean": 0.12543159847458205, "elapsed": 7026.690770149231, "time": 1788472034.862127}
{"event": "train", "step": 7370, "loss": 0.5494526028633118, "lr": 0.00025078997793168215, "grad_norm": 0.7025403380393982, "mem_mass_mean": 0.09343625853459041, "elapsed": 7035.886580944061, "time": 1788472044.0579312}
{"event": "train", "step": 7380, "loss": 0.9050375819206238, "lr": 0.0002497140307313241, "grad_norm": 1.0952965021133423, "mem_mass_mean": 0.11172117789586385, "elapsed": 7044.906289339066, "time": 1788472053.077668}
{"event": "train", "step": 7390, "loss": 0.1404823362827301, "lr": 0.0002486411694339082, "grad_norm": 0.47047895193099976, "mem_mass_mean": 0.11288819213708241, "elapsed": 7054.010072469711, "time": 1788472062.1814246}
{"event": "train", "step": 7400, "loss": 0.55470871925354, "lr": 0.00024757140506474464, "grad_norm": 0.5120465755462646, "mem_mass_mean": 0.10944599161545436, "elapsed": 7062.842375278473, "time": 1788472071.0137298}
{"event": "train", "step": 7410, "loss": 0.6989191770553589, "lr": 0.0002465047486173171, "grad_norm": 0.5586806535720825, "mem_mass_mean": 0.09698143477241199, "elapsed": 7071.922589540482, "time": 1788472080.0939426}
{"event": "train", "step": 7420, "loss": 0.6489043831825256, "lr": 0.00024544121105317103, "grad_norm": 0.7745377421379089, "mem_mass_mean": 0.1261678027609984, "elapsed": 7081.108922958374, "time": 1788472089.2802823}
{"event": "train", "step": 7430, "loss": 0.465726763010025, "lr": 0.00024438080330180066, "grad_norm": 1.0809348821640015, "mem_mass_mean": 0.11863477528095245, "elapsed": 7090.030390024185, "time": 1788472098.2017484}
{"event": "train", "step": 7440, "loss": 0.22091737389564514, "lr": 0.000243323536260536, "grad_norm": 0.6411132216453552, "mem_mass_mean": 0.10207655032475789, "elapsed": 7099.069073200226, "time": 1788472107.2404258}
{"event": "train", "step": 7450, "loss": 0.23848769068717957, "lr": 0.000242269420794432, "grad_norm": 0.37538912892341614, "mem_mass_mean": 0.10173354173700015, "elapsed": 7107.995710849762, "time": 1788472116.1670632}
{"event": "train", "step": 7460, "loss": 0.5894371271133423, "lr": 0.00024121846773615576, "grad_norm": 0.2603727877140045, "mem_mass_mean": 0.133406742165486, "elapsed": 7117.174810171127, "time": 1788472125.3461623}
{"event": "train", "step": 7470, "loss": 0.35755079984664917, "lr": 0.0002401706878858764, "grad_norm": 0.502092719078064, "mem_mass_mean": 0.12385600184400876, "elapsed": 7126.095940113068, "time": 1788472134.2672968}
{"event": "train", "step": 7480, "loss": 0.7866190671920776, "lr": 0.00023912609201115243, "grad_norm": 0.47011688351631165, "mem_mass_mean": 0.10921672359108925, "elapsed": 7134.822065114975, "time": 1788472142.9934182}
{"event": "train", "step": 7490, "loss": 0.5434604287147522, "lr": 0.00023808469084682322, "grad_norm": 1.5098434686660767, "mem_mass_mean": 0.12153285120924313, "elapsed": 7143.879716396332, "time": 1788472152.0510683}
{"event": "train", "step": 7500, "loss": 0.7324494123458862, "lr": 0.00023704649509489662, "grad_norm": 0.6852774024009705, "mem_mass_mean": 0.1092875028649966, "elapsed": 7152.83411359787, "time": 1788472161.0054657}
{"event": "train", "step": 7510, "loss": 0.6682701110839844, "lr": 0.0002360115154244406, "grad_norm": 0.3575593829154968, "mem_mass_mean": 0.1350758709013462, "elapsed": 7162.166813373566, "time": 1788472170.3381667}
{"event": "train", "step": 7520, "loss": 0.8148860335350037, "lr": 0.0002349797624714724, "grad_norm": 0.7873769998550415, "mem_mass_mean": 0.09009917080402374, "elapsed": 7171.512025356293, "time": 1788472179.6833775}
{"event": "train", "step": 7530, "loss": 0.6595068573951721, "lr": 0.00023395124683885015, "grad_norm": 0.4064681828022003, "mem_mass_mean": 0.10553122746447723, "elapsed": 7180.443898439407, "time": 1788472188.6152503}
{"event": "train", "step": 7540, "loss": 0.48155972361564636, "lr": 0.0002329259790961631, "grad_norm": 0.674519419670105, "mem_mass_mean": 0.11668525139490764, "elapsed": 7189.556915283203, "time": 1788472197.7282674}
{"event": "train", "step": 7550, "loss": 0.2975407838821411, "lr": 0.00023190396977962384, "grad_norm": 0.6241111159324646, "mem_mass_mean": 0.08280855106810729, "elapsed": 7198.4528195858, "time": 1788472206.6241717}
{"event": "train", "step": 7560, "loss": 0.30192822217941284, "lr": 0.00023088522939195927, "grad_norm": 0.5866367816925049, "mem_mass_mean": 0.09473266700903575, "elapsed": 7207.441367149353, "time": 1788472215.612723}
{"event": "train", "step": 7570, "loss": 0.6382115483283997, "lr": 0.00022986976840230292, "grad_norm": 0.8942026495933533, "mem_mass_mean": 0.10088995844125748, "elapsed": 7216.442765235901, "time": 1788472224.6141293}
{"event": "train", "step": 7580, "loss": 0.44663697481155396, "lr": 0.00022885759724608796, "grad_norm": 1.4675724506378174, "mem_mass_mean": 0.10102172940969467, "elapsed": 7225.311614513397, "time": 1788472233.4829717}
{"event": "train", "step": 7590, "loss": 0.5351184010505676, "lr": 0.0002278487263249387, "grad_norm": 0.6653971076011658, "mem_mass_mean": 0.10868966703613599, "elapsed": 7234.079704999924, "time": 1788472242.2510579}
{"event": "train", "step": 7600, "loss": 0.7783893942832947, "lr": 0.0002268431660065651, "grad_norm": 0.4883666932582855, "mem_mass_mean": 0.11770209173361461, "elapsed": 7242.901015996933, "time": 1788472251.0723686}
{"event": "train", "step": 7610, "loss": 0.7363685369491577, "lr": 0.00022584092662465498, "grad_norm": 0.7255476713180542, "mem_mass_mean": 0.12849551811814308, "elapsed": 7252.266295194626, "time": 1788472260.43765}
{"event": "train", "step": 7620, "loss": 0.40914055705070496, "lr": 0.00022484201847876894, "grad_norm": 0.6139962673187256, "mem_mass_mean": 0.09604539473851521, "elapsed": 7261.097060441971, "time": 1788472269.2684228}
{"event": "train", "step": 7630, "loss": 0.32591378688812256, "lr": 0.00022384645183423348, "grad_norm": 0.7363104224205017, "mem_mass_mean": 0.12465880438685417, "elapsed": 7270.240050077438, "time": 1788472278.4114027}
{"event": "train", "step": 7640, "loss": 0.6102355122566223, "lr": 0.00022285423692203644, "grad_norm": 0.4894767105579376, "mem_mass_mean": 0.11757086341579755, "elapsed": 7279.052102565765, "time": 1788472287.223479}
{"event": "train", "step": 7650, "loss": 0.5809173583984375, "lr": 0.00022186538393872114, "grad_norm": 0.7516220808029175, "mem_mass_mean": 0.1368572898209095, "elapsed": 7287.8862845897675, "time": 1788472296.057644}
{"event": "train", "step": 7660, "loss": 0.681847870349884, "lr": 0.00022087990304628174, "grad_norm": 0.26409712433815, "mem_mass_mean": 0.11953164388736089, "elapsed": 7297.051975488663, "time": 1788472305.2233286}
{"event": "train", "step": 7670, "loss": 0.4879288971424103, "lr": 0.00021989780437205959, "grad_norm": 0.5453433990478516, "mem_mass_mean": 0.11251585558056831, "elapsed": 7305.9305963516235, "time": 1788472314.1019492}
{"event": "train", "step": 7680, "loss": 0.5340102314949036, "lr": 0.0002189190980086376, "grad_norm": 0.5372498631477356, "mem_mass_mean": 0.09118381763497989, "elapsed": 7314.669243812561, "time": 1788472322.8406062}
{"event": "train", "step": 7690, "loss": 0.23488140106201172, "lr": 0.00021794379401373837, "grad_norm": 0.5745546221733093, "mem_mass_mean": 0.09658110203842322, "elapsed": 7323.747015714645, "time": 1788472331.9183679}
{"event": "train", "step": 7700, "loss": 0.38800445199012756, "lr": 0.00021697190241011912, "grad_norm": 5.510497093200684, "mem_mass_mean": 0.09960007729629676, "elapsed": 7332.876908540726, "time": 1788472341.0482593}
{"event": "train", "step": 7710, "loss": 0.519641637802124, "lr": 0.00021600343318547006, "grad_norm": 0.4823025166988373, "mem_mass_mean": 0.12182909001906712, "elapsed": 7342.021653175354, "time": 1788472350.1930065}
{"event": "train", "step": 7720, "loss": 0.3935072422027588, "lr": 0.00021503839629231068, "grad_norm": 0.43052101135253906, "mem_mass_mean": 0.1033047226568063, "elapsed": 7350.836370944977, "time": 1788472359.0077236}
{"event": "train", "step": 7730, "loss": 0.4961594343185425, "lr": 0.0002140768016478884, "grad_norm": 0.5104267001152039, "mem_mass_mean": 0.1173746647934119, "elapsed": 7359.854596376419, "time": 1788472368.0259554}
{"event": "train", "step": 7740, "loss": 0.2147730439901352, "lr": 0.00021311865913407595, "grad_norm": 0.6713825464248657, "mem_mass_mean": 0.09066964189211528, "elapsed": 7369.140309095383, "time": 1788472377.3116627}
{"event": "train", "step": 7750, "loss": 0.16985537111759186, "lr": 0.00021216397859727003, "grad_norm": 0.5409782528877258, "mem_mass_mean": 0.10553524643182755, "elapsed": 7378.091597080231, "time": 1788472386.2629495}
{"event": "train", "step": 7760, "loss": 0.5444927215576172, "lr": 0.00021121276984829013, "grad_norm": 0.8832175731658936, "mem_mass_mean": 0.14973249783118567, "elapsed": 7386.252774715424, "time": 1788472394.424131}
{"event": "train", "step": 7770, "loss": 0.20744264125823975, "lr": 0.00021026504266227815, "grad_norm": 0.45485392212867737, "mem_mass_mean": 0.09560867895682652, "elapsed": 7394.361540555954, "time": 1788472402.532892}
{"event": "train", "step": 7780, "loss": 0.269561231136322, "lr": 0.000209320806778597, "grad_norm": 8.4983491897583, "mem_mass_mean": 0.12523857628305754, "elapsed": 7402.269733905792, "time": 1788472410.4410872}
{"event": "train", "step": 7790, "loss": 0.6391478776931763, "lr": 0.0002083800719007316, "grad_norm": 0.606753408908844, "mem_mass_mean": 0.11328039566675822, "elapsed": 7410.74352812767, "time": 1788472418.9148798}
{"event": "train", "step": 7800, "loss": 0.4813031554222107, "lr": 0.0002074428476961881, "grad_norm": 0.7355974316596985, "mem_mass_mean": 0.11735687653223674, "elapsed": 7418.533408880234, "time": 1788472426.7047625}
{"event": "train", "step": 7810, "loss": 0.3252389430999756, "lr": 0.00020650914379639546, "grad_norm": 0.3827822804450989, "mem_mass_mean": 0.1034774308403333, "elapsed": 7426.563062667847, "time": 1788472434.7344158}
{"event": "train", "step": 7820, "loss": 0.39584025740623474, "lr": 0.00020557896979660578, "grad_norm": 0.6856225728988647, "mem_mass_mean": 0.08733451801041762, "elapsed": 7434.471997261047, "time": 1788472442.6433487}
{"event": "train", "step": 7830, "loss": 0.2792600393295288, "lr": 0.00020465233525579623, "grad_norm": 1.1054290533065796, "mem_mass_mean": 0.11026450619101524, "elapsed": 7442.404662847519, "time": 1788472450.5760202}
{"event": "train", "step": 7840, "loss": 0.4464070796966553, "lr": 0.00020372924969657037, "grad_norm": 0.5616239905357361, "mem_mass_mean": 0.12393656248847644, "elapsed": 7450.368516206741, "time": 1788472458.539868}
{"event": "train", "step": 7850, "loss": 0.451251357793808, "lr": 0.00020280972260506037, "grad_norm": 0.3875841498374939, "mem_mass_mean": 0.09450362126032512, "elapsed": 7458.389660358429, "time": 1788472466.561012}
{"event": "train", "step": 7860, "loss": 0.27763548493385315, "lr": 0.00020189376343083003, "grad_norm": 0.746326744556427, "mem_mass_mean": 0.07687495866169532, "elapsed": 7466.314748048782, "time": 1788472474.4860997}
{"event": "train", "step": 7870, "loss": 0.7238254547119141, "lr": 0.00020098138158677686, "grad_norm": 0.8085474371910095, "mem_mass_mean": 0.13145451868573824, "elapsed": 7474.066987037659, "time": 1788472482.238354}
{"event": "train", "step": 7880, "loss": 0.24490024149417877, "lr": 0.00020007258644903615, "grad_norm": 0.5926015377044678, "mem_mass_mean": 0.1411922425031662, "elapsed": 7481.832842826843, "time": 1788472490.004195}
{"event": "train", "step": 7890, "loss": 0.9039161801338196, "lr": 0.00019916738735688386, "grad_norm": 0.5549708604812622, "mem_mass_mean": 0.11441616714000702, "elapsed": 7489.628702640533, "time": 1788472497.8000548}
{"event": "train", "step": 7900, "loss": 0.40049847960472107, "lr": 0.00019826579361264146, "grad_norm": 0.27702224254608154, "mem_mass_mean": 0.1209337202211221, "elapsed": 7497.308158397675, "time": 1788472505.47951}
{"event": "train", "step": 7910, "loss": 0.8332821130752563, "lr": 0.00019736781448157932, "grad_norm": 0.36574727296829224, "mem_mass_mean": 0.13243667284647623, "elapsed": 7505.2065098285675, "time": 1788472513.377862}
{"event": "train", "step": 7920, "loss": 0.40364447236061096, "lr": 0.00019647345919182268, "grad_norm": 0.4465627670288086, "mem_mass_mean": 0.1211417851348718, "elapsed": 7512.916349887848, "time": 1788472521.087702}
{"event": "train", "step": 7930, "loss": 0.4737895727157593, "lr": 0.00019558273693425578, "grad_norm": 0.3966124951839447, "mem_mass_mean": 0.11995406324664752, "elapsed": 7521.1261513233185, "time": 1788472529.2975047}
{"event": "train", "step": 7940, "loss": 0.22128339111804962, "lr": 0.0001946956568624278, "grad_norm": 0.6866320371627808, "mem_mass_mean": 0.07923006607840459, "elapsed": 7528.744733333588, "time": 1788472536.9160898}
{"event": "train", "step": 7950, "loss": 0.3679053783416748, "lr": 0.0001938122280924592, "grad_norm": 0.7631573677062988, "mem_mass_mean": 0.11403979361057281, "elapsed": 7536.554986000061, "time": 1788472544.7263396}
{"event": "train", "step": 7960, "loss": 0.3773401081562042, "lr": 0.00019293245970294733, "grad_norm": 0.7932695150375366, "mem_mass_mean": 0.07412212776641051, "elapsed": 7544.3059685230255, "time": 1788472552.4773214}
{"event": "train", "step": 7970, "loss": 0.3083696663379669, "lr": 0.0001920563607348737, "grad_norm": 0.50703364610672, "mem_mass_mean": 0.1053295483191808, "elapsed": 7552.128903865814, "time": 1788472560.3002603}
{"event": "train", "step": 7980, "loss": 0.7458515167236328, "lr": 0.0001911839401915106, "grad_norm": 0.45030975341796875, "mem_mass_mean": 0.10653290959695975, "elapsed": 7559.9400453567505, "time": 1788472568.111399}
{"event": "train", "step": 7990, "loss": 0.05042094364762306, "lr": 0.00019031520703832906, "grad_norm": 0.27749502658843994, "mem_mass_mean": 0.07716033452500899, "elapsed": 7568.125828266144, "time": 1788472576.2971823}
{"event": "train", "step": 8000, "loss": 0.6083349585533142, "lr": 0.00018945017020290624, "grad_norm": 0.5344721078872681, "mem_mass_mean": 0.11145830154418945, "elapsed": 7576.2454226017, "time": 1788472584.416775}
{"memory_correct": {"ce": 0.5452131187382747, "em": 0.5859375, "f1": 0.5859375, "n": 256}, "memory_zero": {"ce": 4.802775196352741, "em": 0.03125, "f1": 0.035416666666666666, "n": 256}, "memory_donor": {"ce": 1.8135393596026006, "em": 0.05859375, "f1": 0.05859375, "n": 256}, "base_in_context": {"ce": 0.0010107289876026826, "em": 1.0, "f1": 1.0, "n": 256}, "mem_mass": {"4": 0.10702408850193024, "8": 0.1008084062486887, "12": 0.10594870988279581, "15": 0.2448230367153883, "19": 0.10554686654359102, "23": 0.07687746873125434}, "samples": [{"question": "What is Hamza Totisa's birth month?", "gold": "October", "pred": "April"}, {"question": "What is Sana Dari's sport?", "gold": "tennis", "pred": "soccer"}, {"question": "What is Gwen Nusike's pet?", "gold": "hamster", "pred": "hamster"}, {"question": "What is Gwen Namuru's lucky number?", "gold": "46", "pred": "47"}, {"question": "What is Aiko Bome's hometown?", "gold": "Lima", "pred": "Lima"}, {"question": "What is Ximena Kidi's door code?", "gold": "1296", "pred": "1234"}, {"question": "What is Jana Revu's job?", "gold": "welder", "pred": "welder"}, {"question": "What is Rafael Tusi's door code?", "gold": "7031", "pred": "7510"}], "event": "eval", "step": 8000, "set": "synthetic_k8", "time": 1788472611.2464461}
{"memory_correct": {"ce": 0.399454454261047, "em": 0.71484375, "f1": 0.71484375, "n": 256}, "memory_zero": {"ce": 4.659122891731386, "em": 0.03125, "f1": 0.033203125, "n": 256}, "memory_donor": {"ce": 1.7758407216074374, "em": 0.0703125, "f1": 0.0703125, "n": 256}, "base_in_context": {"ce": 0.003060471701203049, "em": 1.0, "f1": 1.0, "n": 256}, "mem_mass": {"4": 0.10503459349274635, "8": 0.0991218201816082, "12": 0.10436995606869459, "15": 0.24288252741098404, "19": 0.1035878723487258, "23": 0.07512099342420697}, "samples": [{"question": "What is Dev Kori's favorite fruit?", "gold": "apple", "pred": "apple"}, {"question": "What is Noor Lulidi's hometown?", "gold": "Oslo", "pred": "Oslo"}, {"question": "What is Bram Ladusa's instrument?", "gold": "piano", "pred": "piano"}, {"question": "What is Hamza Modavi's favorite fruit?", "gold": "grape", "pred": "grape"}, {"question": "What is Aiko Merosu's sport?", "gold": "fencing", "pred": "fencing"}, {"question": "What is Dani Turi's lucky number?", "gold": "21", "pred": "21"}, {"question": "What is Wanda Mona's sport?", "gold": "rugby", "pred": "rugby"}, {"question": "What is Eyal Voremu's instrument?", "gold": "cello", "pred": "cello"}], "event": "eval", "step": 8000, "set": "synthetic_k4", "time": 1788472633.7104557}
{"memory_correct": {"ce": 0.6457702388261168, "em": 0.4921875, "f1": 0.4921875, "n": 256}, "memory_zero": {"ce": 4.723327737185173, "em": 0.03125, "f1": 0.03515625, "n": 256}, "memory_donor": {"ce": 1.7449875683087157, "em": 0.08203125, "f1": 0.08203125, "n": 256}, "base_in_context": {"ce": 0.0035145777096130537, "em": 1.0, "f1": 1.0, "n": 256}, "mem_mass": {"4": 0.10668315924704075, "8": 0.10272825509309769, "12": 0.10680112522095442, "15": 0.2471376769244671, "19": 0.10597246699035168, "23": 0.07778793247416615}, "samples": [{"question": "What is Dani Mani's car?", "gold": "Peugeot", "pred": "Peugeot"}, {"question": "What is Viktor Desi's favorite color?", "gold": "red", "pred": "teal"}, {"question": "What is Jana Meki's door code?", "gold": "8363", "pred": "3010"}, {"question": "What is Ximena Mamune's sport?", "gold": "golf", "pred": "golf"}, {"question": "What is Viktor Lasomo's favorite color?", "gold": "orange", "pred": "yellow"}, {"question": "What is Eyal Delune's birth month?", "gold": "February", "pred": "November"}, {"question": "What is Amara Kali's favorite color?", "gold": "brown", "pred": "brown"}, {"question": "What is Viktor Revosi's birth month?", "gold": "April", "pred": "May"}], "event": "eval", "step": 8000, "set": "synthetic_k16", "time": 1788472663.989348}
{"event": "train", "step": 8010, "loss": 0.5699864625930786, "lr": 0.00018858883857483422, "grad_norm": 0.339013010263443, "mem_mass_mean": 0.12886599575479826, "elapsed": 7664.022775888443, "time": 1788472672.1941402}
{"event": "train", "step": 8020, "loss": 0.5935342907905579, "lr": 0.0001877312210056278, "grad_norm": 0.9523641467094421, "mem_mass_mean": 0.0861258003860712, "elapsed": 7672.943918466568, "time": 1788472681.1152709}
{"event": "train", "step": 8030, "loss": 0.23409491777420044, "lr": 0.00018687732630863474, "grad_norm": 0.39754006266593933, "mem_mass_mean": 0.07422209220627944, "elapsed": 7682.416215896606, "time": 1788472690.5875695}
{"event": "train", "step": 8040, "loss": 0.11747534573078156, "lr": 0.00018602716325894397, "grad_norm": 0.3303970396518707, "mem_mass_mean": 0.11008709420760472, "elapsed": 7691.609144449234, "time": 1788472699.780498}
{"event": "train", "step": 8050, "loss": 0.15962432324886322, "lr": 0.00018518074059329642, "grad_norm": 0.4975275993347168, "mem_mass_mean": 0.08934178265432517, "elapsed": 7700.689228773117, "time": 1788472708.8605824}
{"event": "train", "step": 8060, "loss": 0.5596513152122498, "lr": 0.0001843380670099945, "grad_norm": 0.9355989098548889, "mem_mass_mean": 0.15091428657372793, "elapsed": 7709.637557983398, "time": 1788472717.8089106}
{"event": "train", "step": 8070, "loss": 0.19582566618919373, "lr": 0.00018349915116881293, "grad_norm": 0.6980825662612915, "mem_mass_mean": 0.12266579270362854, "elapsed": 7718.778367519379, "time": 1788472726.9497328}
{"event": "train", "step": 8080, "loss": 0.4070465564727783, "lr": 0.00018266400169091035, "grad_norm": 0.6025503873825073, "mem_mass_mean": 0.15719064449270567, "elapsed": 7727.722931861877, "time": 1788472735.8942845}
{"event": "train", "step": 8090, "loss": 0.65008944272995, "lr": 0.00018183262715873937, "grad_norm": 0.5083035826683044, "mem_mass_mean": 0.1261114813387394, "elapsed": 7736.902707338333, "time": 1788472745.074072}
{"event": "train", "step": 8100, "loss": 0.49137699604034424, "lr": 0.00018100503611596014, "grad_norm": 0.2380727231502533, "mem_mass_mean": 0.09681341238319874, "elapsed": 7745.85603928566, "time": 1788472754.0273938}
{"event": "train", "step": 8110, "loss": 0.5807077288627625, "lr": 0.00018018123706735052, "grad_norm": 0.3060421943664551, "mem_mass_mean": 0.13687574490904808, "elapsed": 7754.977135896683, "time": 1788472763.1484883}
{"event": "train", "step": 8120, "loss": 0.6040676236152649, "lr": 0.00017936123847872066, "grad_norm": 0.35957565903663635, "mem_mass_mean": 0.13689903790752092, "elapsed": 7763.780819892883, "time": 1788472771.9521751}
{"event": "train", "step": 8130, "loss": 0.47714701294898987, "lr": 0.00017854504877682463, "grad_norm": 0.9997404217720032, "mem_mass_mean": 0.13435293609897295, "elapsed": 7772.966008424759, "time": 1788472781.1373606}
{"event": "train", "step": 8140, "loss": 0.2885919213294983, "lr": 0.0001777326763492746, "grad_norm": 0.5868755578994751, "mem_mass_mean": 0.07353429527332385, "elapsed": 7782.304044961929, "time": 1788472790.4753962}
{"event": "train", "step": 8150, "loss": 0.14028678834438324, "lr": 0.00017692412954445398, "grad_norm": 0.48914679884910583, "mem_mass_mean": 0.09554719428221385, "elapsed": 7791.494655609131, "time": 1788472799.6660094}
{"event": "train", "step": 8160, "loss": 0.25785622000694275, "lr": 0.00017611941667143244, "grad_norm": 0.5798745155334473, "mem_mass_mean": 0.11070900410413742, "elapsed": 7800.347971439362, "time": 1788472808.519323}
{"event": "train", "step": 8170, "loss": 0.6679840683937073, "lr": 0.00017531854599987955, "grad_norm": 0.4709731340408325, "mem_mass_mean": 0.14349588875969252, "elapsed": 7809.433529138565, "time": 1788472817.6048872}
{"event": "train", "step": 8180, "loss": 0.26912766695022583, "lr": 0.00017452152575998082, "grad_norm": 0.5394381284713745, "mem_mass_mean": 0.10183230104545753, "elapsed": 7818.404706954956, "time": 1788472826.5760577}
{"event": "train", "step": 8190, "loss": 0.3893403708934784, "lr": 0.00017372836414235226, "grad_norm": 0.3706417381763458, "mem_mass_mean": 0.09833204001188278, "elapsed": 7827.472004175186, "time": 1788472835.6433582}
{"event": "train", "step": 8200, "loss": 0.43585729598999023, "lr": 0.0001729390692979566, "grad_norm": 0.5704913139343262, "mem_mass_mean": 0.09480788993338744, "elapsed": 7836.378607749939, "time": 1788472844.5499656}
{"event": "train", "step": 8210, "loss": 0.13142940402030945, "lr": 0.0001721536493380198, "grad_norm": 0.7034350037574768, "mem_mass_mean": 0.08656408141056697, "elapsed": 7845.492728948593, "time": 1788472853.6640813}
{"event": "train", "step": 8220, "loss": 0.7798469066619873, "lr": 0.0001713721123339469, "grad_norm": 0.763666033744812, "mem_mass_mean": 0.11108143379290898, "elapsed": 7854.3155169487, "time": 1788472862.4868703}
{"event": "train", "step": 8230, "loss": 0.22628630697727203, "lr": 0.00017059446631724013, "grad_norm": 0.721095621585846, "mem_mass_mean": 0.07707028184086084, "elapsed": 7863.427462816238, "time": 1788472871.5988138}
{"event": "train", "step": 8240, "loss": 0.36632075905799866, "lr": 0.00016982071927941516, "grad_norm": 0.5958678126335144, "mem_mass_mean": 0.09361666440963745, "elapsed": 7872.179603338242, "time": 1788472880.3509555}
{"event": "train", "step": 8250, "loss": 0.6148621439933777, "lr": 0.0001690508791719203, "grad_norm": 3.4836113452911377, "mem_mass_mean": 0.12715289617578188, "elapsed": 7881.039174556732, "time": 1788472889.2105274}
{"event": "train", "step": 8260, "loss": 0.56895512342453, "lr": 0.00016828495390605348, "grad_norm": 2.1014978885650635, "mem_mass_mean": 0.13730642447868982, "elapsed": 7890.063862800598, "time": 1788472898.2352157}
{"event": "train", "step": 8270, "loss": 0.24015381932258606, "lr": 0.00016752295135288208, "grad_norm": 0.7320342659950256, "mem_mass_mean": 0.10535486042499542, "elapsed": 7898.89137172699, "time": 1788472907.062722}
{"event": "train", "step": 8280, "loss": 0.4179515838623047, "lr": 0.0001667648793431612, "grad_norm": 0.3416227698326111, "mem_mass_mean": 0.10916545242071152, "elapsed": 7908.022532939911, "time": 1788472916.1938837}
{"event": "train", "step": 8290, "loss": 0.6648470163345337, "lr": 0.0001660107456672537, "grad_norm": 0.5149630904197693, "mem_mass_mean": 0.12691966568430266, "elapsed": 7916.917531251907, "time": 1788472925.0888834}
{"event": "train", "step": 8300, "loss": 0.6282853484153748, "lr": 0.00016526055807504974, "grad_norm": 0.6501312851905823, "mem_mass_mean": 0.11433968941370647, "elapsed": 7925.750011205673, "time": 1788472933.921362}
{"event": "train", "step": 8310, "loss": 0.40956246852874756, "lr": 0.0001645143242758877, "grad_norm": 14.53811264038086, "mem_mass_mean": 0.09740777686238289, "elapsed": 7934.614684581757, "time": 1788472942.7860365}
{"event": "train", "step": 8320, "loss": 0.36633291840553284, "lr": 0.0001637720519384745, "grad_norm": 0.7340961694717407, "mem_mass_mean": 0.10062069756289323, "elapsed": 7943.515358924866, "time": 1788472951.686712}
{"event": "train", "step": 8330, "loss": 0.2119649052619934, "lr": 0.00016303374869080668, "grad_norm": 0.6923803687095642, "mem_mass_mean": 0.09408436218897502, "elapsed": 7952.402290582657, "time": 1788472960.5736437}
{"event": "train", "step": 8340, "loss": 0.48247572779655457, "lr": 0.00016229942212009265, "grad_norm": 0.5763503313064575, "mem_mass_mean": 0.10370094204942386, "elapsed": 7961.048212051392, "time": 1788472969.2195625}
{"event": "train", "step": 8350, "loss": 0.6289229393005371, "lr": 0.00016156907977267384, "grad_norm": 0.697496771812439, "mem_mass_mean": 0.13311667243639627, "elapsed": 7969.917877435684, "time": 1788472978.0892298}
{"event": "train", "step": 8360, "loss": 0.5525577664375305, "lr": 0.00016084272915394815, "grad_norm": 0.3458764851093292, "mem_mass_mean": 0.14040136709809303, "elapsed": 7978.8692882061005, "time": 1788472987.0406404}
{"event": "train", "step": 8370, "loss": 0.4798111915588379, "lr": 0.00016012037772829182, "grad_norm": 0.24037419259548187, "mem_mass_mean": 0.14840005586544672, "elapsed": 7987.658885478973, "time": 1788472995.8302374}
{"event": "train", "step": 8380, "loss": 0.5195109844207764, "lr": 0.00015940203291898343, "grad_norm": 0.9220904111862183, "mem_mass_mean": 0.09520881623029709, "elapsed": 7996.851706027985, "time": 1788473005.0230587}
{"event": "train", "step": 8390, "loss": 0.22074659168720245, "lr": 0.00015868770210812722, "grad_norm": 0.16882888972759247, "mem_mass_mean": 0.11951184272766113, "elapsed": 8005.936742782593, "time": 1788473014.1080935}
{"event": "train", "step": 8400, "loss": 0.23528116941452026, "lr": 0.00015797739263657772, "grad_norm": 0.858897864818573, "mem_mass_mean": 0.0837245521446069, "elapsed": 8014.889369726181, "time": 1788473023.0607226}
{"event": "train", "step": 8410, "loss": 0.5505388379096985, "lr": 0.00015727111180386354, "grad_norm": 0.5796994566917419, "mem_mass_mean": 0.15882382169365883, "elapsed": 8023.909771203995, "time": 1788473032.0811243}
{"event": "train", "step": 8420, "loss": 0.4251883625984192, "lr": 0.0001565688668681132, "grad_norm": 0.8366951942443848, "mem_mass_mean": 0.11431058620413144, "elapsed": 8032.844527482986, "time": 1788473041.0158813}
{"event": "train", "step": 8430, "loss": 0.7240892648696899, "lr": 0.00015587066504597975, "grad_norm": 0.3656982183456421, "mem_mass_mean": 0.10335365310311317, "elapsed": 8041.6007924079895, "time": 1788473049.7721438}
{"event": "train", "step": 8440, "loss": 0.12396740168333054, "lr": 0.0001551765135125674, "grad_norm": 0.5769748091697693, "mem_mass_mean": 0.10016337968409061, "elapsed": 8050.495857000351, "time": 1788473058.6672094}
{"event": "train", "step": 8450, "loss": 0.334877610206604, "lr": 0.0001544864194013569, "grad_norm": 0.8693405985832214, "mem_mass_mean": 0.10690264403820038, "elapsed": 8059.525758981705, "time": 1788473067.69711}
{"event": "train", "step": 8460, "loss": 0.4171944260597229, "lr": 0.00015380038980413322, "grad_norm": 0.9770358800888062, "mem_mass_mean": 0.0654473112275203, "elapsed": 8068.573872327805, "time": 1788473076.745224}
{"event": "train", "step": 8470, "loss": 1.020509123802185, "lr": 0.0001531184317709118, "grad_norm": 0.5944583415985107, "mem_mass_mean": 0.1247013012568156, "elapsed": 8077.434420585632, "time": 1788473085.6057744}
{"event": "train", "step": 8480, "loss": 0.5537124276161194, "lr": 0.00015244055230986654, "grad_norm": 0.5714374780654907, "mem_mass_mean": 0.11609578753511111, "elapsed": 8086.470191240311, "time": 1788473094.6415431}
{"event": "train", "step": 8490, "loss": 0.5530431866645813, "lr": 0.00015176675838725776, "grad_norm": 1.1541537046432495, "mem_mass_mean": 0.09198764277001222, "elapsed": 8095.2743718624115, "time": 1788473103.4457245}
{"event": "train", "step": 8500, "loss": 0.5227025747299194, "lr": 0.00015109705692736044, "grad_norm": 0.36802929639816284, "mem_mass_mean": 0.10509226657450199, "elapsed": 8103.009523630142, "time": 1788473111.1808755}
{"event": "train", "step": 8510, "loss": 0.693791925907135, "lr": 0.00015043145481239345, "grad_norm": 0.6572173833847046, "mem_mass_mean": 0.10852706742783387, "elapsed": 8110.898919343948, "time": 1788473119.0702724}
{"event": "train", "step": 8520, "loss": 0.14926199615001678, "lr": 0.00014976995888244814, "grad_norm": 0.3605150282382965, "mem_mass_mean": 0.10362224032481511, "elapsed": 8119.031007528305, "time": 1788473127.2023602}
{"event": "train", "step": 8530, "loss": 0.5253783464431763, "lr": 0.00014911257593541892, "grad_norm": 0.5830831527709961, "mem_mass_mean": 0.13711507990956306, "elapsed": 8127.097538948059, "time": 1788473135.2688913}
{"event": "train", "step": 8540, "loss": 0.3479887545108795, "lr": 0.00014845931272693239, "grad_norm": 4.7028961181640625, "mem_mass_mean": 0.137431338429451, "elapsed": 8134.92501616478, "time": 1788473143.096368}
{"event": "train", "step": 8550, "loss": 0.404436856508255, "lr": 0.00014781017597027897, "grad_norm": 0.5438827872276306, "mem_mass_mean": 0.1146584041416645, "elapsed": 8142.976175785065, "time": 1788473151.147528}
{"event": "train", "step": 8560, "loss": 0.5592866539955139, "lr": 0.00014716517233634319, "grad_norm": 0.8901672959327698, "mem_mass_mean": 0.12364582220713298, "elapsed": 8150.860884904861, "time": 1788473159.032237}
{"event": "train", "step": 8570, "loss": 0.4153992235660553, "lr": 0.00014652430845353516, "grad_norm": 0.5624955892562866, "mem_mass_mean": 0.1315901962419351, "elapsed": 8158.808084011078, "time": 1788473166.979437}
{"event": "train", "step": 8580, "loss": 0.32877740263938904, "lr": 0.00014588759090772302, "grad_norm": 0.7567685842514038, "mem_mass_mean": 0.10996442288160324, "elapsed": 8166.810058355331, "time": 1788473174.9814105}
{"event": "train", "step": 8590, "loss": 0.37562286853790283, "lr": 0.0001452550262421646, "grad_norm": 0.434604674577713, "mem_mass_mean": 0.12368531773487727, "elapsed": 8174.80543923378, "time": 1788473182.97679}
{"event": "train", "step": 8600, "loss": 0.5967357754707336, "lr": 0.00014462662095744063, "grad_norm": 0.49111655354499817, "mem_mass_mean": 0.12397603193918864, "elapsed": 8182.523247241974, "time": 1788473190.6945999}
{"event": "train", "step": 8610, "loss": 0.26893150806427, "lr": 0.00014400238151138754, "grad_norm": 0.5854765772819519, "mem_mass_mean": 0.09085100516676903, "elapsed": 8190.498920917511, "time": 1788473198.6702728}
{"event": "train", "step": 8620, "loss": 0.07474782317876816, "lr": 0.00014338231431903172, "grad_norm": 0.4215182065963745, "mem_mass_mean": 0.09240708375970523, "elapsed": 8198.115644216537, "time": 1788473206.2869976}
{"event": "train", "step": 8630, "loss": 0.5059049129486084, "lr": 0.00014276642575252268, "grad_norm": 0.7654862403869629, "mem_mass_mean": 0.11916306987404823, "elapsed": 8205.766098499298, "time": 1788473213.9374506}
{"event": "train", "step": 8640, "loss": 0.5596119165420532, "lr": 0.00014215472214106867, "grad_norm": 0.6190959215164185, "mem_mass_mean": 0.09386051756640275, "elapsed": 8213.553395748138, "time": 1788473221.7247467}
{"event": "train", "step": 8650, "loss": 0.5567315220832825, "lr": 0.00014154720977087038, "grad_norm": 0.8499764800071716, "mem_mass_mean": 0.12257262816031773, "elapsed": 8221.181583881378, "time": 1788473229.3529365}
{"event": "train", "step": 8660, "loss": 0.3864649534225464, "lr": 0.00014094389488505767, "grad_norm": 0.6616291999816895, "mem_mass_mean": 0.12838218361139297, "elapsed": 8228.851775884628, "time": 1788473237.023128}
{"event": "train", "step": 8670, "loss": 0.22401706874370575, "lr": 0.00014034478368362422, "grad_norm": 0.644071102142334, "mem_mass_mean": 0.10144272322456042, "elapsed": 8236.624842882156, "time": 1788473244.796195}
{"event": "train", "step": 8680, "loss": 0.6525221467018127, "lr": 0.00013974988232336475, "grad_norm": 0.49391311407089233, "mem_mass_mean": 0.10932152718305588, "elapsed": 8244.430201530457, "time": 1788473252.6015515}
{"event": "train", "step": 8690, "loss": 0.5428035855293274, "lr": 0.000139159196917811, "grad_norm": 0.4993535876274109, "mem_mass_mean": 0.11440723389387131, "elapsed": 8252.148768424988, "time": 1788473260.3201208}
{"event": "train", "step": 8700, "loss": 0.4813200831413269, "lr": 0.0001385727335371697, "grad_norm": 0.6419394612312317, "mem_mass_mean": 0.1496842826406161, "elapsed": 8259.881806135178, "time": 1788473268.053159}
{"event": "train", "step": 8710, "loss": 0.5427395701408386, "lr": 0.00013799049820825918, "grad_norm": 0.5197402834892273, "mem_mass_mean": 0.10802100412547588, "elapsed": 8267.421030521393, "time": 1788473275.5923831}
{"event": "train", "step": 8720, "loss": 0.34417015314102173, "lr": 0.00013741249691444848, "grad_norm": 0.2737849950790405, "mem_mass_mean": 0.1388015958170096, "elapsed": 8275.281431674957, "time": 1788473283.4527838}
{"event": "train", "step": 8730, "loss": 0.43254920840263367, "lr": 0.00013683873559559523, "grad_norm": 0.5424493551254272, "mem_mass_mean": 0.11618076513210933, "elapsed": 8283.288117408752, "time": 1788473291.4594696}
{"event": "train", "step": 8740, "loss": 0.48175105452537537, "lr": 0.00013626922014798454, "grad_norm": 0.5133312940597534, "mem_mass_mean": 0.12213876843452454, "elapsed": 8291.276562213898, "time": 1788473299.447915}
{"event": "train", "step": 8750, "loss": 0.280780166387558, "lr": 0.00013570395642426892, "grad_norm": 0.47831863164901733, "mem_mass_mean": 0.09845893457531929, "elapsed": 8299.39612865448, "time": 1788473307.567482}
{"event": "train", "step": 8760, "loss": 0.7711032629013062, "lr": 0.00013514295023340763, "grad_norm": 0.7584852576255798, "mem_mass_mean": 0.12223045652111371, "elapsed": 8307.570631980896, "time": 1788473315.741984}
{"event": "train", "step": 8770, "loss": 0.7280808091163635, "lr": 0.0001345862073406074, "grad_norm": 0.5552887916564941, "mem_mass_mean": 0.14968555172284445, "elapsed": 8315.771521091461, "time": 1788473323.942873}
{"event": "train", "step": 8780, "loss": 0.5621458292007446, "lr": 0.00013403373346726266, "grad_norm": 0.8507813811302185, "mem_mass_mean": 0.11908988157908122, "elapsed": 8323.748487472534, "time": 1788473331.9198391}
{"event": "train", "step": 8790, "loss": 0.36147359013557434, "lr": 0.00013348553429089752, "grad_norm": 0.4765399992465973, "mem_mass_mean": 0.12501389036575952, "elapsed": 8331.775668382645, "time": 1788473339.9470263}
{"event": "train", "step": 8800, "loss": 0.5009682178497314, "lr": 0.00013294161544510647, "grad_norm": 0.4812939167022705, "mem_mass_mean": 0.12388238807519276, "elapsed": 8339.75035738945, "time": 1788473347.921709}
{"event": "train", "step": 8810, "loss": 0.2585922181606293, "lr": 0.0001324019825194974, "grad_norm": 1.5928168296813965, "mem_mass_mean": 0.10506962363918622, "elapsed": 8348.106101989746, "time": 1788473356.2774544}
{"event": "train", "step": 8820, "loss": 0.15251553058624268, "lr": 0.00013186664105963337, "grad_norm": 1.0562562942504883, "mem_mass_mean": 0.10851087607443333, "elapsed": 8356.150856494904, "time": 1788473364.32221}
{"event": "train", "step": 8830, "loss": 0.45078831911087036, "lr": 0.00013133559656697632, "grad_norm": 0.3184199929237366, "mem_mass_mean": 0.11597258721788724, "elapsed": 8364.068797111511, "time": 1788473372.2401495}
{"event": "train", "step": 8840, "loss": 0.2436465471982956, "lr": 0.00013080885449882998, "grad_norm": 0.7180498838424683, "mem_mass_mean": 0.07890442106872797, "elapsed": 8371.936505556107, "time": 1788473380.1078577}
{"event": "train", "step": 8850, "loss": 0.5286206007003784, "lr": 0.00013028642026828406, "grad_norm": 0.5621712803840637, "mem_mass_mean": 0.1177578109006087, "elapsed": 8379.860338449478, "time": 1788473388.0316908}
{"event": "train", "step": 8860, "loss": 0.2841983735561371, "lr": 0.00012976829924415866, "grad_norm": 0.9742670655250549, "mem_mass_mean": 0.08540552544097106, "elapsed": 8388.066976308823, "time": 1788473396.2383294}
{"event": "train", "step": 8870, "loss": 0.32099223136901855, "lr": 0.00012925449675094895, "grad_norm": 0.5599815845489502, "mem_mass_mean": 0.13912304242451987, "elapsed": 8396.826971530914, "time": 1788473404.998324}
{"event": "train", "step": 8880, "loss": 0.555400013923645, "lr": 0.00012874501806877045, "grad_norm": 2.3483529090881348, "mem_mass_mean": 0.09061567982037862, "elapsed": 8406.025738954544, "time": 1788473414.197091}
{"event": "train", "step": 8890, "loss": 0.12722939252853394, "lr": 0.00012823986843330494, "grad_norm": 0.904906153678894, "mem_mass_mean": 0.09926627700527509, "elapsed": 8415.022178649902, "time": 1788473423.193535}
{"event": "train", "step": 8900, "loss": 0.733356237411499, "lr": 0.0001277390530357465, "grad_norm": 0.784288227558136, "mem_mass_mean": 0.09611398975054423, "elapsed": 8423.982807397842, "time": 1788473432.154159}
{"event": "train", "step": 8910, "loss": 0.4187825918197632, "lr": 0.0001272425770227482, "grad_norm": 0.34988534450531006, "mem_mass_mean": 0.09387568011879921, "elapsed": 8433.0227663517, "time": 1788473441.1941185}
{"event": "train", "step": 8920, "loss": 0.14904844760894775, "lr": 0.00012675044549636933, "grad_norm": 0.5526171922683716, "mem_mass_mean": 0.10376287003358205, "elapsed": 8442.001952886581, "time": 1788473450.1733053}
{"event": "train", "step": 8930, "loss": 0.2990413010120392, "lr": 0.00012626266351402257, "grad_norm": 0.9222992062568665, "mem_mass_mean": 0.10246102698147297, "elapsed": 8450.727100610733, "time": 1788473458.8984528}
{"event": "train", "step": 8940, "loss": 0.5661205053329468, "lr": 0.00012577923608842265, "grad_norm": 0.7301283478736877, "mem_mass_mean": 0.09532620881994565, "elapsed": 8459.715808153152, "time": 1788473467.8871613}
{"event": "train", "step": 8950, "loss": 0.31940340995788574, "lr": 0.00012530016818753417, "grad_norm": 0.6955606341362, "mem_mass_mean": 0.11488490303357442, "elapsed": 8468.541216135025, "time": 1788473476.7125673}
{"event": "train", "step": 8960, "loss": 0.2640973627567291, "lr": 0.00012482546473452114, "grad_norm": 0.6183544397354126, "mem_mass_mean": 0.1118221345047156, "elapsed": 8477.508240938187, "time": 1788473485.679592}
{"event": "train", "step": 8970, "loss": 0.7162941694259644, "lr": 0.0001243551306076961, "grad_norm": 0.520969569683075, "mem_mass_mean": 0.12464761361479759, "elapsed": 8485.966700077057, "time": 1788473494.1380525}
{"event": "train", "step": 8980, "loss": 0.5201908349990845, "lr": 0.00012388917064046974, "grad_norm": 1.2417155504226685, "mem_mass_mean": 0.11609826236963272, "elapsed": 8494.978793621063, "time": 1788473503.1501455}
{"event": "train", "step": 8990, "loss": 0.38316109776496887, "lr": 0.00012342758962130182, "grad_norm": 1.127153992652893, "mem_mass_mean": 0.1010397697488467, "elapsed": 8503.811256885529, "time": 1788473511.9826097}
{"event": "train", "step": 9000, "loss": 0.20747201144695282, "lr": 0.00012297039229365136, "grad_norm": 0.25292709469795227, "mem_mass_mean": 0.0872652493417263, "elapsed": 8512.871203660965, "time": 1788473521.0425556}
{"memory_correct": {"ce": 0.5364542286015421, "em": 0.59375, "f1": 0.59375, "n": 256}, "memory_zero": {"ce": 4.802775196352741, "em": 0.03125, "f1": 0.035416666666666666, "n": 256}, "memory_donor": {"ce": 1.8608163570695524, "em": 0.06640625, "f1": 0.06640625, "n": 256}, "base_in_context": {"ce": 0.0010107289876026826, "em": 1.0, "f1": 1.0, "n": 256}, "mem_mass": {"4": 0.10523876827210188, "8": 0.10115800332278013, "12": 0.10483641922473907, "15": 0.2438246812671423, "19": 0.1080816425383091, "23": 0.07687746779993176}, "samples": [{"question": "What is Hamza Totisa's birth month?", "gold": "October", "pred": "April"}, {"question": "What is Sana Dari's sport?", "gold": "tennis", "pred": "soccer"}, {"question": "What is Gwen Nusike's pet?", "gold": "hamster", "pred": "hamster"}, {"question": "What is Gwen Namuru's lucky number?", "gold": "46", "pred": "47"}, {"question": "What is Aiko Bome's hometown?", "gold": "Lima", "pred": "Lima"}, {"question": "What is Ximena Kidi's door code?", "gold": "1296", "pred": "1234"}, {"question": "What is Jana Revu's job?", "gold": "welder", "pred": "welder"}, {"question": "What is Rafael Tusi's door code?", "gold": "7031", "pred": "8888"}], "event": "eval", "step": 9000, "set": "synthetic_k8", "time": 1788473549.263942}
{"memory_correct": {"ce": 0.4079381750708535, "em": 0.70703125, "f1": 0.70703125, "n": 256}, "memory_zero": {"ce": 4.659122891731386, "em": 0.03125, "f1": 0.033203125, "n": 256}, "memory_donor": {"ce": 1.805464130830842, "em": 0.06640625, "f1": 0.06640625, "n": 256}, "base_in_context": {"ce": 0.003060471701203049, "em": 1.0, "f1": 1.0, "n": 256}, "mem_mass": {"4": 0.10334336571395397, "8": 0.09932240936905146, "12": 0.10318265948444605, "15": 0.24204020388424397, "19": 0.10609528981149197, "23": 0.07512741908431053}, "samples": [{"question": "What is Dev Kori's favorite fruit?", "gold": "apple", "pred": "apple"}, {"question": "What is Noor Lulidi's hometown?", "gold": "Oslo", "pred": "Oslo"}, {"question": "What is Bram Ladusa's instrument?", "gold": "piano", "pred": "piano"}, {"question": "What is Hamza Modavi's favorite fruit?", "gold": "grape", "pred": "grape"}, {"question": "What is Aiko Merosu's sport?", "gold": "fencing", "pred": "fencing"}, {"question": "What is Dani Turi's lucky number?", "gold": "21", "pred": "27"}, {"question": "What is Wanda Mona's sport?", "gold": "rugby", "pred": "rugby"}, {"question": "What is Eyal Voremu's instrument?", "gold": "cello", "pred": "cello"}], "event": "eval", "step": 9000, "set": "synthetic_k4", "time": 1788473573.4011426}
{"memory_correct": {"ce": 0.6245781599582187, "em": 0.5078125, "f1": 0.5078125, "n": 256}, "memory_zero": {"ce": 4.723327737185173, "em": 0.03125, "f1": 0.03515625, "n": 256}, "memory_donor": {"ce": 1.7406194959603454, "em": 0.07421875, "f1": 0.07421875, "n": 256}, "base_in_context": {"ce": 0.0035145777096130537, "em": 1.0, "f1": 1.0, "n": 256}, "mem_mass": {"4": 0.1049592262133956, "8": 0.1028722133487463, "12": 0.10572733171284199, "15": 0.24583393335342407, "19": 0.10900113917887211, "23": 0.07778793526813388}, "samples": [{"question": "What is Dani Mani's car?", "gold": "Peugeot", "pred": "Peugeot"}, {"question": "What is Viktor Desi's favorite color?", "gold": "red", "pred": "teal"}, {"question": "What is Jana Meki's door code?", "gold": "8363", "pred": "3443"}, {"question": "What is Ximena Mamune's sport?", "gold": "golf", "pred": "golf"}, {"question": "What is Viktor Lasomo's favorite color?", "gold": "orange", "pred": "yellow"}, {"question": "What is Eyal Delune's birth month?", "gold": "February", "pred": "November"}, {"question": "What is Amara Kali's favorite color?", "gold": "brown", "pred": "brown"}, {"question": "What is Viktor Revosi's birth month?", "gold": "April", "pred": "May"}], "event": "eval", "step": 9000, "set": "synthetic_k16", "time": 1788473606.6854992}
{"event": "train", "step": 9010, "loss": 0.49141931533813477, "lr": 0.00012251758335592844, "grad_norm": 0.5954118371009827, "mem_mass_mean": 0.098064249381423, "elapsed": 8607.381603002548, "time": 1788473615.5529532}
{"event": "train", "step": 9020, "loss": 0.3381572961807251, "lr": 0.00012206916746144526, "grad_norm": 0.4826849699020386, "mem_mass_mean": 0.1233233114083608, "elapsed": 8616.570176839828, "time": 1788473624.741529}
{"event": "train", "step": 9030, "loss": 0.5243985056877136, "lr": 0.00012162514921836915, "grad_norm": 0.41878706216812134, "mem_mass_mean": 0.0982937936981519, "elapsed": 8625.609873056412, "time": 1788473633.7812238}
{"event": "train", "step": 9040, "loss": 0.2122102975845337, "lr": 0.00012118553318967438, "grad_norm": 0.6002299189567566, "mem_mass_mean": 0.07345608094086249, "elapsed": 8634.496130466461, "time": 1788473642.6674824}
{"event": "train", "step": 9050, "loss": 0.5090214014053345, "lr": 0.00012075032389309596, "grad_norm": 0.21722356975078583, "mem_mass_mean": 0.10020489245653152, "elapsed": 8643.329804420471, "time": 1788473651.5011566}
{"event": "train", "step": 9060, "loss": 0.8047354817390442, "lr": 0.0001203195258010826, "grad_norm": 0.6924241781234741, "mem_mass_mean": 0.12938948348164558, "elapsed": 8652.247768878937, "time": 1788473660.4191194}
{"event": "train", "step": 9070, "loss": 0.45443668961524963, "lr": 0.00011989314334075144, "grad_norm": 0.5859817862510681, "mem_mass_mean": 0.1282135285437107, "elapsed": 8661.122787952423, "time": 1788473669.2941387}
{"event": "train", "step": 9080, "loss": 0.42750856280326843, "lr": 0.00011947118089384188, "grad_norm": 0.5475411415100098, "mem_mass_mean": 0.12976799036065736, "elapsed": 8670.267351865768, "time": 1788473678.4387035}
{"event": "train", "step": 9090, "loss": 0.3554811179637909, "lr": 0.00011905364279667097, "grad_norm": 0.6077591180801392, "mem_mass_mean": 0.11639405662814777, "elapsed": 8679.273043394089, "time": 1788473687.444396}
{"event": "train", "step": 9100, "loss": 0.5555822849273682, "lr": 0.00011864053334008862, "grad_norm": 0.8543761372566223, "mem_mass_mean": 0.14489506060878435, "elapsed": 8688.176873922348, "time": 1788473696.3482258}
{"event": "train", "step": 9110, "loss": 0.4940875172615051, "lr": 0.00011823185676943364, "grad_norm": 1.5454821586608887, "mem_mass_mean": 0.13272532199819884, "elapsed": 8697.291422843933, "time": 1788473705.4627738}
{"event": "train", "step": 9120, "loss": 0.08725056797266006, "lr": 0.0001178276172844902, "grad_norm": 0.29868945479393005, "mem_mass_mean": 0.0816466889033715, "elapsed": 8706.203983306885, "time": 1788473714.375336}
{"event": "train", "step": 9130, "loss": 0.36741286516189575, "lr": 0.00011742781903944438, "grad_norm": 0.5513890981674194, "mem_mass_mean": 0.09923880361020565, "elapsed": 8715.281877040863, "time": 1788473723.4532285}
{"event": "train", "step": 9140, "loss": 0.3359467685222626, "lr": 0.0001170324661428418, "grad_norm": 0.6024068593978882, "mem_mass_mean": 0.08039767543474834, "elapsed": 8724.09888958931, "time": 1788473732.2702408}
{"event": "train", "step": 9150, "loss": 0.17831067740917206, "lr": 0.00011664156265754506, "grad_norm": 0.48825883865356445, "mem_mass_mean": 0.10363951014975707, "elapsed": 8733.198123455048, "time": 1788473741.3694735}
{"event": "train", "step": 9160, "loss": 0.5006137490272522, "lr": 0.0001162551126006924, "grad_norm": 0.4216920733451843, "mem_mass_mean": 0.1253894306719303, "elapsed": 8742.095992088318, "time": 1788473750.2673435}
{"event": "train", "step": 9170, "loss": 0.474772572517395, "lr": 0.00011587311994365598, "grad_norm": 0.6302305459976196, "mem_mass_mean": 0.13192319497466087, "elapsed": 8750.774230480194, "time": 1788473758.9455807}
{"event": "train", "step": 9180, "loss": 0.35923299193382263, "lr": 0.00011549558861200143, "grad_norm": 7.6972784996032715, "mem_mass_mean": 0.13146060953537622, "elapsed": 8759.716806411743, "time": 1788473767.8881578}
{"event": "train", "step": 9190, "loss": 0.8573405146598816, "lr": 0.00011512252248544735, "grad_norm": 0.8492545485496521, "mem_mass_mean": 0.12966885790228844, "elapsed": 8768.637147903442, "time": 1788473776.8084984}
{"event": "train", "step": 9200, "loss": 0.32655972242355347, "lr": 0.00011475392539782531, "grad_norm": 0.5735945701599121, "mem_mass_mean": 0.10346375405788422, "elapsed": 8777.798048257828, "time": 1788473785.9693987}
{"event": "train", "step": 9210, "loss": 0.40322551131248474, "lr": 0.00011438980113704076, "grad_norm": 0.887464165687561, "mem_mass_mean": 0.08188022052248319, "elapsed": 8786.456274271011, "time": 1788473794.6276252}
{"event": "train", "step": 9220, "loss": 0.594430148601532, "lr": 0.00011403015344503377, "grad_norm": 0.860234260559082, "mem_mass_mean": 0.13393601402640343, "elapsed": 8795.182147979736, "time": 1788473803.3534985}
{"event": "train", "step": 9230, "loss": 0.6239356398582458, "lr": 0.00011367498601774096, "grad_norm": 0.6211884617805481, "mem_mass_mean": 0.11737919722994168, "elapsed": 8803.942332029343, "time": 1788473812.1136823}
{"event": "train", "step": 9240, "loss": 0.6553448438644409, "lr": 0.00011332430250505702, "grad_norm": 0.927298903465271, "mem_mass_mean": 0.13191796963413557, "elapsed": 8811.746737718582, "time": 1788473819.9180892}
{"event": "train", "step": 9250, "loss": 0.441650390625, "lr": 0.00011297810651079778, "grad_norm": 0.8378282785415649, "mem_mass_mean": 0.11421390622854233, "elapsed": 8819.463559627533, "time": 1788473827.6349103}
{"event": "train", "step": 9260, "loss": 0.4492224156856537, "lr": 0.00011263640159266259, "grad_norm": 0.45029008388519287, "mem_mass_mean": 0.11435776948928833, "elapsed": 8827.596475362778, "time": 1788473835.7678256}
{"event": "train", "step": 9270, "loss": 0.8146556615829468, "lr": 0.00011229919126219828, "grad_norm": 1.0858618021011353, "mem_mass_mean": 0.12764101227124533, "elapsed": 8835.526488780975, "time": 1788473843.6978393}
{"event": "train", "step": 9280, "loss": 0.34518852829933167, "lr": 0.00011196647898476267, "grad_norm": 0.2978244423866272, "mem_mass_mean": 0.12702464933196703, "elapsed": 8843.234718322754, "time": 1788473851.4060698}
{"event": "train", "step": 9290, "loss": 0.3854368329048157, "lr": 0.00011163826817948917, "grad_norm": 0.2602415382862091, "mem_mass_mean": 0.11462628468871117, "elapsed": 8851.494881868362, "time": 1788473859.666232}
{"event": "train", "step": 9300, "loss": 0.36326727271080017, "lr": 0.00011131456221925163, "grad_norm": 0.9813538193702698, "mem_mass_mean": 0.09852239427467187, "elapsed": 8859.323099851608, "time": 1788473867.49445}
{"event": "train", "step": 9310, "loss": 0.3700595498085022, "lr": 0.00011099536443062972, "grad_norm": 0.37989312410354614, "mem_mass_mean": 0.10796578538914521, "elapsed": 8867.136530399323, "time": 1788473875.3078806}
{"event": "train", "step": 9320, "loss": 0.8266352415084839, "lr": 0.00011068067809387449, "grad_norm": 1.1968002319335938, "mem_mass_mean": 0.1260023514429728, "elapsed": 8875.362454891205, "time": 1788473883.5338056}
{"event": "train", "step": 9330, "loss": 0.22373704612255096, "lr": 0.00011037050644287498, "grad_norm": 0.9109382629394531, "mem_mass_mean": 0.0754589702313145, "elapsed": 8883.12390589714, "time": 1788473891.2952578}
{"event": "train", "step": 9340, "loss": 0.43803343176841736, "lr": 0.0001100648526651248, "grad_norm": 0.35285380482673645, "mem_mass_mean": 0.09349806730945905, "elapsed": 8890.866565704346, "time": 1788473899.0379164}
{"event": "train", "step": 9350, "loss": 0.42563971877098083, "lr": 0.00010976371990168943, "grad_norm": 0.6530529260635376, "mem_mass_mean": 0.1065553321192662, "elapsed": 8898.62157201767, "time": 1788473906.792922}
{"event": "train", "step": 9360, "loss": 0.36757853627204895, "lr": 0.0001094671112471739, "grad_norm": 0.5829731225967407, "mem_mass_mean": 0.10053541945914428, "elapsed": 8906.378963470459, "time": 1788473914.5503137}
{"event": "train", "step": 9370, "loss": 0.640448272228241, "lr": 0.00010917502974969112, "grad_norm": 0.8060752749443054, "mem_mass_mean": 0.15627587462464967, "elapsed": 8914.017934083939, "time": 1788473922.1892846}
{"event": "train", "step": 9380, "loss": 0.31670817732810974, "lr": 0.00010888747841083038, "grad_norm": 0.3832295536994934, "mem_mass_mean": 0.13232745106021562, "elapsed": 8921.669816970825, "time": 1788473929.8411684}
{"event": "train", "step": 9390, "loss": 0.4714042842388153, "lr": 0.00010860446018562654, "grad_norm": 0.5766529440879822, "mem_mass_mean": 0.13733537370959917, "elapsed": 8929.323350191116, "time": 1788473937.4947004}
{"event": "train", "step": 9400, "loss": 0.2717816233634949, "lr": 0.0001083259779825298, "grad_norm": 0.42930424213409424, "mem_mass_mean": 0.11184949055314064, "elapsed": 8937.182128190994, "time": 1788473945.353479}
{"event": "train", "step": 9410, "loss": 0.17678014934062958, "lr": 0.00010805203466337562, "grad_norm": 0.5744886994361877, "mem_mass_mean": 0.10082407854497433, "elapsed": 8944.85456609726, "time": 1788473953.025916}
{"event": "train", "step": 9420, "loss": 0.5022052526473999, "lr": 0.00010778263304335552, "grad_norm": 3.478321075439453, "mem_mass_mean": 0.14203611140449843, "elapsed": 8952.511566877365, "time": 1788473960.6829174}
{"event": "train", "step": 9430, "loss": 0.6166104674339294, "lr": 0.00010751777589098785, "grad_norm": 0.6618771553039551, "mem_mass_mean": 0.10968271891276042, "elapsed": 8960.130574703217, "time": 1788473968.3019269}
{"event": "train", "step": 9440, "loss": 0.41109591722488403, "lr": 0.00010725746592808986, "grad_norm": 0.24155962467193604, "mem_mass_mean": 0.10019826081891854, "elapsed": 8967.693728208542, "time": 1788473975.8650784}
{"event": "train", "step": 9450, "loss": 0.40888020396232605, "lr": 0.00010700170582974895, "grad_norm": 0.6012806296348572, "mem_mass_mean": 0.11739502226312955, "elapsed": 8975.444808244705, "time": 1788473983.6161592}
{"event": "train", "step": 9460, "loss": 0.8551324605941772, "lr": 0.00010675049822429599, "grad_norm": 0.34322628378868103, "mem_mass_mean": 0.10039240183929603, "elapsed": 8983.216666460037, "time": 1788473991.388017}
{"event": "train", "step": 9470, "loss": 0.5159244537353516, "lr": 0.00010650384569327776, "grad_norm": 0.40714189410209656, "mem_mass_mean": 0.15577808519204459, "elapsed": 8991.056360960007, "time": 1788473999.2277114}
{"event": "train", "step": 9480, "loss": 0.3491041958332062, "lr": 0.00010626175077143057, "grad_norm": 0.6045408844947815, "mem_mass_mean": 0.11937866732478142, "elapsed": 8998.959260940552, "time": 1788474007.130612}
{"event": "train", "step": 9490, "loss": 0.3692503273487091, "lr": 0.00010602421594665441, "grad_norm": 0.5314760208129883, "mem_mass_mean": 0.09564131622513135, "elapsed": 9006.782236337662, "time": 1788474014.9535866}
{"event": "train", "step": 9500, "loss": 0.5498490333557129, "lr": 0.00010579124365998712, "grad_norm": 0.8487680554389954, "mem_mass_mean": 0.11304491137464841, "elapsed": 9014.811975717545, "time": 1788474022.9833262}
{"event": "train", "step": 9510, "loss": 0.4873028099536896, "lr": 0.00010556283630557936, "grad_norm": 7.875822067260742, "mem_mass_mean": 0.1028533869733413, "elapsed": 9022.693930149078, "time": 1788474030.8652809}
{"event": "train", "step": 9520, "loss": 0.22588612139225006, "lr": 0.00010533899623067006, "grad_norm": 0.4775159955024719, "mem_mass_mean": 0.10844663778940837, "elapsed": 9030.931792974472, "time": 1788474039.1031435}
{"event": "train", "step": 9530, "loss": 0.29127058386802673, "lr": 0.00010511972573556242, "grad_norm": 0.6587031483650208, "mem_mass_mean": 0.08349972714980443, "elapsed": 9039.057893514633, "time": 1788474047.2292442}
{"event": "train", "step": 9540, "loss": 0.5813720226287842, "lr": 0.00010490502707359998, "grad_norm": 0.8243204355239868, "mem_mass_mean": 0.13824670761823654, "elapsed": 9046.965154886246, "time": 1788474055.1365056}
{"event": "train", "step": 9550, "loss": 0.3384335935115814, "lr": 0.0001046949024511437, "grad_norm": 0.6152167916297913, "mem_mass_mean": 0.10327094172437985, "elapsed": 9054.932025671005, "time": 1788474063.1033764}
{"event": "train", "step": 9560, "loss": 0.5876649022102356, "lr": 0.0001044893540275491, "grad_norm": 0.6743828058242798, "mem_mass_mean": 0.11917973309755325, "elapsed": 9062.986383676529, "time": 1788474071.1577344}
{"event": "train", "step": 9570, "loss": 0.39270758628845215, "lr": 0.00010428838391514439, "grad_norm": 0.37367430329322815, "mem_mass_mean": 0.11625070124864578, "elapsed": 9071.05971288681, "time": 1788474079.2310634}
{"event": "train", "step": 9580, "loss": 0.3154867887496948, "lr": 0.00010409199417920834, "grad_norm": 6.550821304321289, "mem_mass_mean": 0.13725833718975386, "elapsed": 9079.333459615707, "time": 1788474087.50481}
{"event": "train", "step": 9590, "loss": 0.35817521810531616, "lr": 0.00010390018683794935, "grad_norm": 1.1179355382919312, "mem_mass_mean": 0.08518604747951031, "elapsed": 9087.314059019089, "time": 1788474095.48541}
{"event": "train", "step": 9600, "loss": 0.10973010212182999, "lr": 0.00010371296386248462, "grad_norm": 0.4272509515285492, "mem_mass_mean": 0.09231016722818215, "elapsed": 9095.113151550293, "time": 1788474103.284502}
{"event": "train", "step": 9610, "loss": 0.34957659244537354, "lr": 0.00010353032717681994, "grad_norm": 0.40216681361198425, "mem_mass_mean": 0.11245049412051837, "elapsed": 9103.854403734207, "time": 1788474112.0257542}
{"event": "train", "step": 9620, "loss": 0.4155777096748352, "lr": 0.00010335227865782974, "grad_norm": 0.7559859752655029, "mem_mass_mean": 0.08568236293892066, "elapsed": 9112.93256187439, "time": 1788474121.103912}
{"event": "train", "step": 9630, "loss": 0.2752576768398285, "lr": 0.00010317882013523816, "grad_norm": 0.41452276706695557, "mem_mass_mean": 0.1197119764983654, "elapsed": 9121.942113399506, "time": 1788474130.1134639}
{"event": "train", "step": 9640, "loss": 0.4544311463832855, "lr": 0.00010300995339159985, "grad_norm": 0.4294738471508026, "mem_mass_mean": 0.14173745612303415, "elapsed": 9130.664845705032, "time": 1788474138.8361964}
{"event": "train", "step": 9650, "loss": 0.6473167538642883, "lr": 0.00010284568016228181, "grad_norm": 2.746074676513672, "mem_mass_mean": 0.1326961306234201, "elapsed": 9139.45891880989, "time": 1788474147.6302688}
{"event": "train", "step": 9660, "loss": 0.6815522313117981, "lr": 0.00010268600213544568, "grad_norm": 0.5418146252632141, "mem_mass_mean": 0.1142874409755071, "elapsed": 9148.529696464539, "time": 1788474156.7010467}
{"event": "train", "step": 9670, "loss": 0.33832091093063354, "lr": 0.00010253092095203029, "grad_norm": 0.5506982803344727, "mem_mass_mean": 0.09400108208258946, "elapsed": 9157.59417271614, "time": 1788474165.7655234}
{"event": "train", "step": 9680, "loss": 0.4410642087459564, "lr": 0.00010238043820573466, "grad_norm": 0.6912820339202881, "mem_mass_mean": 0.106660395860672, "elapsed": 9166.46454334259, "time": 1788474174.6358938}
{"event": "train", "step": 9690, "loss": 0.730673611164093, "lr": 0.00010223455544300189, "grad_norm": 0.41183313727378845, "mem_mass_mean": 0.1339403452972571, "elapsed": 9175.377638339996, "time": 1788474183.5489886}
{"event": "train", "step": 9700, "loss": 0.4335296154022217, "lr": 0.00010209327416300313, "grad_norm": 0.44083887338638306, "mem_mass_mean": 0.10375255160033703, "elapsed": 9184.248190879822, "time": 1788474192.4195416}
{"event": "train", "step": 9710, "loss": 0.5195475816726685, "lr": 0.00010195659581762196, "grad_norm": 0.41254937648773193, "mem_mass_mean": 0.13221807281176248, "elapsed": 9192.990949392319, "time": 1788474201.1623003}
{"event": "train", "step": 9720, "loss": 0.5311456322669983, "lr": 0.00010182452181144002, "grad_norm": 0.5425016283988953, "mem_mass_mean": 0.14019323016206423, "elapsed": 9202.18166589737, "time": 1788474210.3530166}
{"event": "train", "step": 9730, "loss": 0.25985008478164673, "lr": 0.00010169705350172204, "grad_norm": 1.337456226348877, "mem_mass_mean": 0.0957797293861707, "elapsed": 9211.153692007065, "time": 1788474219.3250434}
{"event": "train", "step": 9740, "loss": 0.657622754573822, "lr": 0.00010157419219840202, "grad_norm": 0.8177241683006287, "mem_mass_mean": 0.114164383461078, "elapsed": 9219.969125032425, "time": 1788474228.1404757}
{"event": "train", "step": 9750, "loss": 0.5586239695549011, "lr": 0.00010145593916407006, "grad_norm": 0.5434275269508362, "mem_mass_mean": 0.14370019237200418, "elapsed": 9229.059235811234, "time": 1788474237.2305858}
{"event": "train", "step": 9760, "loss": 0.6876448392868042, "lr": 0.00010134229561395896, "grad_norm": 0.9261632561683655, "mem_mass_mean": 0.10340517076353233, "elapsed": 9237.914504528046, "time": 1788474246.085855}
{"event": "train", "step": 9770, "loss": 0.8059423565864563, "lr": 0.0001012332627159321, "grad_norm": 0.9778532385826111, "mem_mass_mean": 0.11896733442942302, "elapsed": 9246.929456472397, "time": 1788474255.100807}
{"event": "train", "step": 9780, "loss": 0.20227479934692383, "lr": 0.0001011288415904712, "grad_norm": 0.24351999163627625, "mem_mass_mean": 0.09374716070791085, "elapsed": 9255.805055618286, "time": 1788474263.9764063}
{"event": "train", "step": 9790, "loss": 0.5502109527587891, "lr": 0.00010102903331066484, "grad_norm": 0.7078595757484436, "mem_mass_mean": 0.11268659556905429, "elapsed": 9264.956420898438, "time": 1788474273.1277714}
{"event": "train", "step": 9800, "loss": 0.44172221422195435, "lr": 0.00010093383890219754, "grad_norm": 3.049834966659546, "mem_mass_mean": 0.1051403811822335, "elapsed": 9273.83467411995, "time": 1788474282.0060244}
{"event": "train", "step": 9810, "loss": 0.36999836564064026, "lr": 0.00010084325934333919, "grad_norm": 0.4722141623497009, "mem_mass_mean": 0.12252185617884, "elapsed": 9282.877237796783, "time": 1788474291.048589}
{"event": "train", "step": 9820, "loss": 0.9255822896957397, "lr": 0.00010075729556493479, "grad_norm": 0.7326216101646423, "mem_mass_mean": 0.1333580563465754, "elapsed": 9291.759970664978, "time": 1788474299.931321}
{"event": "train", "step": 9830, "loss": 0.39314624667167664, "lr": 0.00010067594845039531, "grad_norm": 0.6727619767189026, "mem_mass_mean": 0.10331766245265801, "elapsed": 9300.490391731262, "time": 1788474308.661742}
{"event": "train", "step": 9840, "loss": 0.5747508406639099, "lr": 0.00010059921883568806, "grad_norm": 0.2209254503250122, "mem_mass_mean": 0.13267012933890024, "elapsed": 9309.465314388275, "time": 1788474317.6366646}
{"event": "train", "step": 9850, "loss": 0.5654320120811462, "lr": 0.00010052710750932865, "grad_norm": 0.6311472058296204, "mem_mass_mean": 0.11890650043884914, "elapsed": 9318.417236328125, "time": 1788474326.5885875}
{"event": "train", "step": 9860, "loss": 0.6112114787101746, "lr": 0.00010045961521237251, "grad_norm": 0.4813133776187897, "mem_mass_mean": 0.10830575786530972, "elapsed": 9327.574952363968, "time": 1788474335.746303}
{"event": "train", "step": 9870, "loss": 0.5173186659812927, "lr": 0.00010039674263840737, "grad_norm": 0.5398455262184143, "mem_mass_mean": 0.16037245964010557, "elapsed": 9336.501951932907, "time": 1788474344.673302}
{"event": "train", "step": 9880, "loss": 0.44975724816322327, "lr": 0.0001003384904335463, "grad_norm": 0.6588245034217834, "mem_mass_mean": 0.09402680024504662, "elapsed": 9345.577913284302, "time": 1788474353.7492638}
{"event": "train", "step": 9890, "loss": 0.546260416507721, "lr": 0.00010028485919642077, "grad_norm": 0.5376001596450806, "mem_mass_mean": 0.11458689719438553, "elapsed": 9354.448157548904, "time": 1788474362.6195078}
{"event": "train", "step": 9900, "loss": 0.5721817016601562, "lr": 0.0001002358494781747, "grad_norm": 0.35572516918182373, "mem_mass_mean": 0.132536843419075, "elapsed": 9363.58093714714, "time": 1788474371.7522871}
{"event": "train", "step": 9910, "loss": 0.20914345979690552, "lr": 0.00010019146178245883, "grad_norm": 0.5844146013259888, "mem_mass_mean": 0.07244731610020001, "elapsed": 9372.332684993744, "time": 1788474380.5040352}
{"event": "train", "step": 9920, "loss": 0.6476149559020996, "lr": 0.00010015169656542539, "grad_norm": 0.6645056009292603, "mem_mass_mean": 0.13383897642294565, "elapsed": 9381.492372512817, "time": 1788474389.6637232}
{"event": "train", "step": 9930, "loss": 0.5370247960090637, "lr": 0.00010011655423572348, "grad_norm": 0.44249600172042847, "mem_mass_mean": 0.11541354283690453, "elapsed": 9390.5036444664, "time": 1788474398.674995}
{"event": "train", "step": 9940, "loss": 0.6308891773223877, "lr": 0.00010008603515449499, "grad_norm": 0.5273517370223999, "mem_mass_mean": 0.12454358488321304, "elapsed": 9399.312553882599, "time": 1788474407.483904}
{"event": "train", "step": 9950, "loss": 0.48515385389328003, "lr": 0.00010006013963537057, "grad_norm": 0.34404444694519043, "mem_mass_mean": 0.16020687048633894, "elapsed": 9408.411472320557, "time": 1788474416.5828228}
{"event": "train", "step": 9960, "loss": 0.24757717549800873, "lr": 0.00010003886794446686, "grad_norm": 0.35890358686447144, "mem_mass_mean": 0.09980279145141442, "elapsed": 9417.544487953186, "time": 1788474425.7158382}
{"event": "train", "step": 9970, "loss": 0.8054959177970886, "lr": 0.00010002222030038338, "grad_norm": 0.6480430960655212, "mem_mass_mean": 0.11222806324561437, "elapsed": 9426.467481136322, "time": 1788474434.6388316}
{"event": "train", "step": 9980, "loss": 0.2539975047111511, "lr": 0.00010001019687420036, "grad_norm": 0.5834941267967224, "mem_mass_mean": 0.10000975119570892, "elapsed": 9435.046708345413, "time": 1788474443.2180586}
{"event": "train", "step": 9990, "loss": 0.35667017102241516, "lr": 0.0001000027977894772, "grad_norm": 0.9538207054138184, "mem_mass_mean": 0.11289270967245102, "elapsed": 9444.062261104584, "time": 1788474452.2336113}
{"event": "train", "step": 10000, "loss": 0.18244747817516327, "lr": 0.00010000002312225088, "grad_norm": 0.6266769766807556, "mem_mass_mean": 0.11028554787238438, "elapsed": 9453.063281297684, "time": 1788474461.2346337}
{"memory_correct": {"ce": 0.5388685878141359, "em": 0.5859375, "f1": 0.5859375, "n": 256}, "memory_zero": {"ce": 4.802775196352741, "em": 0.03125, "f1": 0.035416666666666666, "n": 256}, "memory_donor": {"ce": 1.931748316862695, "em": 0.0703125, "f1": 0.0703125, "n": 256}, "base_in_context": {"ce": 0.0010107289876026826, "em": 1.0, "f1": 1.0, "n": 256}, "mem_mass": {"4": 0.1059425612911582, "8": 0.1012686574831605, "12": 0.10505096986889839, "15": 0.24470237083733082, "19": 0.10606642160564661, "23": 0.07688389392569661}, "samples": [{"question": "What is Hamza Totisa's birth month?", "gold": "October", "pred": "March"}, {"question": "What is Sana Dari's sport?", "gold": "tennis", "pred": "soccer"}, {"question": "What is Gwen Nusike's pet?", "gold": "hamster", "pred": "hamster"}, {"question": "What is Gwen Namuru's lucky number?", "gold": "46", "pred": "43"}, {"question": "What is Aiko Bome's hometown?", "gold": "Lima", "pred": "Lima"}, {"question": "What is Ximena Kidi's door code?", "gold": "1296", "pred": "1234"}, {"question": "What is Jana Revu's job?", "gold": "welder", "pred": "welder"}, {"question": "What is Rafael Tusi's door code?", "gold": "7031", "pred": "8585"}], "event": "eval", "step": 10000, "set": "synthetic_k8", "time": 1788474489.6726258}
{"memory_correct": {"ce": 0.3935632676697196, "em": 0.7109375, "f1": 0.7109375, "n": 256}, "memory_zero": {"ce": 4.659122891731386, "em": 0.03125, "f1": 0.033203125, "n": 256}, "memory_donor": {"ce": 1.8668597159419278, "em": 0.0546875, "f1": 0.0546875, "n": 256}, "base_in_context": {"ce": 0.003060471701203049, "em": 1.0, "f1": 1.0, "n": 256}, "mem_mass": {"4": 0.1040775254368782, "8": 0.09940589498728514, "12": 0.1034173034131527, "15": 0.24220536835491657, "19": 0.10415447689592838, "23": 0.07512741908431053}, "samples": [{"question": "What is Dev Kori's favorite fruit?", "gold": "apple", "pred": "apple"}, {"question": "What is Noor Lulidi's hometown?", "gold": "Oslo", "pred": "Oslo"}, {"question": "What is Bram Ladusa's instrument?", "gold": "piano", "pred": "piano"}, {"question": "What is Hamza Modavi's favorite fruit?", "gold": "grape", "pred": "grape"}, {"question": "What is Aiko Merosu's sport?", "gold": "fencing", "pred": "fencing"}, {"question": "What is Dani Turi's lucky number?", "gold": "21", "pred": "21"}, {"question": "What is Wanda Mona's sport?", "gold": "rugby", "pred": "rugby"}, {"question": "What is Eyal Voremu's instrument?", "gold": "cello", "pred": "cello"}], "event": "eval", "step": 10000, "set": "synthetic_k4", "time": 1788474513.783513}
{"memory_correct": {"ce": 0.6532845976748831, "em": 0.50390625, "f1": 0.50390625, "n": 256}, "memory_zero": {"ce": 4.723327737185173, "em": 0.03125, "f1": 0.03515625, "n": 256}, "memory_donor": {"ce": 1.8095402928429394, "em": 0.078125, "f1": 0.078125, "n": 256}, "base_in_context": {"ce": 0.0035145777096130537, "em": 1.0, "f1": 1.0, "n": 256}, "mem_mass": {"4": 0.10543835908174515, "8": 0.10298595111817122, "12": 0.1059223860502243, "15": 0.24704516120254993, "19": 0.10712537355720997, "23": 0.07778793480247259}, "samples": [{"question": "What is Dani Mani's car?", "gold": "Peugeot", "pred": "Peugeot"}, {"question": "What is Viktor Desi's favorite color?", "gold": "red", "pred": "teal"}, {"question": "What is Jana Meki's door code?", "gold": "8363", "pred": "3010"}, {"question": "What is Ximena Mamune's sport?", "gold": "golf", "pred": "golf"}, {"question": "What is Viktor Lasomo's favorite color?", "gold": "orange", "pred": "yellow"}, {"question": "What is Eyal Delune's birth month?", "gold": "February", "pred": "November"}, {"question": "What is Amara Kali's favorite color?", "gold": "brown", "pred": "brown"}, {"question": "What is Viktor Revosi's birth month?", "gold": "April", "pred": "May"}], "event": "eval", "step": 10000, "set": "synthetic_k16", "time": 1788474544.8604245}
{"event": "done", "final": {"synthetic_k8": {"memory_correct": {"ce": 0.5388685878141359, "em": 0.5859375, "f1": 0.5859375, "n": 256}, "memory_zero": {"ce": 4.802775196352741, "em": 0.03125, "f1": 0.035416666666666666, "n": 256}, "memory_donor": {"ce": 1.931748316862695, "em": 0.0703125, "f1": 0.0703125, "n": 256}, "base_in_context": {"ce": 0.0010107289876026826, "em": 1.0, "f1": 1.0, "n": 256}}, "synthetic_k4": {"memory_correct": {"ce": 0.3935632676697196, "em": 0.7109375, "f1": 0.7109375, "n": 256}, "memory_zero": {"ce": 4.659122891731386, "em": 0.03125, "f1": 0.033203125, "n": 256}, "memory_donor": {"ce": 1.8668597159419278, "em": 0.0546875, "f1": 0.0546875, "n": 256}, "base_in_context": {"ce": 0.003060471701203049, "em": 1.0, "f1": 1.0, "n": 256}}, "synthetic_k16": {"memory_correct": {"ce": 0.6532845976748831, "em": 0.50390625, "f1": 0.50390625, "n": 256}, "memory_zero": {"ce": 4.723327737185173, "em": 0.03125, "f1": 0.03515625, "n": 256}, "memory_donor": {"ce": 1.8095402928429394, "em": 0.078125, "f1": 0.078125, "n": 256}, "base_in_context": {"ce": 0.0035145777096130537, "em": 1.0, "f1": 1.0, "n": 256}}}, "time": 1788474545.2679656}
